[error] Failed to fetch Firebase Project from Studio Workspace because WORKSPACE_SLUG environment variable is empty
[error] Failed to fetch Firebase Project from Studio Workspace because WORKSPACE_SLUG environment variable is empty
[error] Failed to fetch Firebase Project from Studio Workspace because WORKSPACE_SLUG environment variable is empty
[error] Failed to fetch Firebase Project from Studio Workspace because WORKSPACE_SLUG environment variable is empty
[debug] [2026-02-04T04:55:34.393Z] > command requires scopes: ["email","openid","https://www.googleapis.com/auth/cloudplatformprojects.readonly","https://www.googleapis.com/auth/firebase","https://www.googleapis.com/auth/cloud-platform","https://www.googleapis.com/auth/userinfo.email"]
[debug] [2026-02-04T04:55:34.398Z] > command requires scopes: ["email","openid","https://www.googleapis.com/auth/cloudplatformprojects.readonly","https://www.googleapis.com/auth/firebase","https://www.googleapis.com/auth/cloud-platform","https://www.googleapis.com/auth/userinfo.email"]
[error] Failed to fetch Firebase Project from Studio Workspace because WORKSPACE_SLUG environment variable is empty
[error] Failed to fetch Firebase Project from Studio Workspace because WORKSPACE_SLUG environment variable is empty
[error] Failed to fetch Firebase Project from Studio Workspace because WORKSPACE_SLUG environment variable is empty
[debug] [2026-02-04T04:55:44.586Z] > command requires scopes: ["email","openid","https://www.googleapis.com/auth/cloudplatformprojects.readonly","https://www.googleapis.com/auth/firebase","https://www.googleapis.com/auth/cloud-platform","https://www.googleapis.com/auth/userinfo.email"]
[error] Failed to fetch Firebase Project from Studio Workspace because WORKSPACE_SLUG environment variable is empty
[debug] [2026-02-04T04:55:46.723Z] > command requires scopes: ["email","openid","https://www.googleapis.com/auth/cloudplatformprojects.readonly","https://www.googleapis.com/auth/firebase","https://www.googleapis.com/auth/cloud-platform","https://www.googleapis.com/auth/userinfo.email"]
[error] Failed to fetch Firebase Project from Studio Workspace because WORKSPACE_SLUG environment variable is empty
[error] Failed to fetch Firebase Project from Studio Workspace because WORKSPACE_SLUG environment variable is empty
[error] Failed to fetch Firebase Project from Studio Workspace because WORKSPACE_SLUG environment variable is empty
[debug] [2026-02-04T04:55:46.740Z] > command requires scopes: ["email","openid","https://www.googleapis.com/auth/cloudplatformprojects.readonly","https://www.googleapis.com/auth/firebase","https://www.googleapis.com/auth/cloud-platform","https://www.googleapis.com/auth/userinfo.email"]
[error] Failed to fetch Firebase Project from Studio Workspace because WORKSPACE_SLUG environment variable is empty
[error] Failed to fetch Firebase Project from Studio Workspace because WORKSPACE_SLUG environment variable is empty
[error] Failed to fetch Firebase Project from Studio Workspace because WORKSPACE_SLUG environment variable is empty
[debug] [2026-02-04T04:55:46.749Z] > command requires scopes: ["email","openid","https://www.googleapis.com/auth/cloudplatformprojects.readonly","https://www.googleapis.com/auth/firebase","https://www.googleapis.com/auth/cloud-platform","https://www.googleapis.com/auth/userinfo.email"]
[error] Failed to fetch Firebase Project from Studio Workspace because WORKSPACE_SLUG environment variable is empty
[error] Failed to fetch Firebase Project from Studio Workspace because WORKSPACE_SLUG environment variable is empty
[debug] [2026-02-04T04:55:48.907Z] > command requires scopes: ["email","openid","https://www.googleapis.com/auth/cloudplatformprojects.readonly","https://www.googleapis.com/auth/firebase","https://www.googleapis.com/auth/cloud-platform","https://www.googleapis.com/auth/userinfo.email"]
[debug] [2026-02-04T04:55:48.907Z] > command requires scopes: ["email","openid","https://www.googleapis.com/auth/cloudplatformprojects.readonly","https://www.googleapis.com/auth/firebase","https://www.googleapis.com/auth/cloud-platform","https://www.googleapis.com/auth/userinfo.email"]
[error] Failed to fetch Firebase Project from Studio Workspace because WORKSPACE_SLUG environment variable is empty
[error] Failed to fetch Firebase Project from Studio Workspace because WORKSPACE_SLUG environment variable is empty
[error] Failed to fetch Firebase Project from Studio Workspace because WORKSPACE_SLUG environment variable is empty
[error] Failed to fetch Firebase Project from Studio Workspace because WORKSPACE_SLUG environment variable is empty
[debug] [2026-02-05T22:27:04.188Z] > command requires scopes: ["email","openid","https://www.googleapis.com/auth/cloudplatformprojects.readonly","https://www.googleapis.com/auth/firebase","https://www.googleapis.com/auth/cloud-platform","https://www.googleapis.com/auth/userinfo.email"]
[debug] [2026-02-05T22:27:04.192Z] > command requires scopes: ["email","openid","https://www.googleapis.com/auth/cloudplatformprojects.readonly","https://www.googleapis.com/auth/firebase","https://www.googleapis.com/auth/cloud-platform","https://www.googleapis.com/auth/userinfo.email"]
[error] Failed to fetch Firebase Project from Studio Workspace because WORKSPACE_SLUG environment variable is empty
[error] Failed to fetch Firebase Project from Studio Workspace because WORKSPACE_SLUG environment variable is empty
[error] Failed to fetch Firebase Project from Studio Workspace because WORKSPACE_SLUG environment variable is empty
[error] Failed to fetch Firebase Project from Studio Workspace because WORKSPACE_SLUG environment variable is empty
[debug] [2026-02-05T22:28:04.145Z] > command requires scopes: ["email","openid","https://www.googleapis.com/auth/cloudplatformprojects.readonly","https://www.googleapis.com/auth/firebase","https://www.googleapis.com/auth/cloud-platform","https://www.googleapis.com/auth/userinfo.email"]
[debug] [2026-02-05T22:28:04.147Z] > command requires scopes: ["email","openid","https://www.googleapis.com/auth/cloudplatformprojects.readonly","https://www.googleapis.com/auth/firebase","https://www.googleapis.com/auth/cloud-platform","https://www.googleapis.com/auth/userinfo.email"]
[error] Failed to fetch Firebase Project from Studio Workspace because WORKSPACE_SLUG environment variable is empty
[error] Failed to fetch Firebase Project from Studio Workspace because WORKSPACE_SLUG environment variable is empty
[error] Failed to fetch Firebase Project from Studio Workspace because WORKSPACE_SLUG environment variable is empty
[debug] [2026-02-05T22:29:50.827Z] > command requires scopes: ["email","openid","https://www.googleapis.com/auth/cloudplatformprojects.readonly","https://www.googleapis.com/auth/firebase","https://www.googleapis.com/auth/cloud-platform","https://www.googleapis.com/auth/userinfo.email"]
[error] Failed to fetch Firebase Project from Studio Workspace because WORKSPACE_SLUG environment variable is empty
[error] Failed to fetch Firebase Project from Studio Workspace because WORKSPACE_SLUG environment variable is empty
[error] Failed to fetch Firebase Project from Studio Workspace because WORKSPACE_SLUG environment variable is empty
[debug] [2026-02-05T22:29:50.843Z] > command requires scopes: ["email","openid","https://www.googleapis.com/auth/cloudplatformprojects.readonly","https://www.googleapis.com/auth/firebase","https://www.googleapis.com/auth/cloud-platform","https://www.googleapis.com/auth/userinfo.email"]
[error] Failed to fetch Firebase Project from Studio Workspace because WORKSPACE_SLUG environment variable is empty
[error] Failed to fetch Firebase Project from Studio Workspace because WORKSPACE_SLUG environment variable is empty
[error] Failed to fetch Firebase Project from Studio Workspace because WORKSPACE_SLUG environment variable is empty
[debug] [2026-02-05T22:29:50.849Z] > command requires scopes: ["email","openid","https://www.googleapis.com/auth/cloudplatformprojects.readonly","https://www.googleapis.com/auth/firebase","https://www.googleapis.com/auth/cloud-platform","https://www.googleapis.com/auth/userinfo.email"]
[debug] [2026-02-05T22:30:41.209Z] Running auto auth
[debug] [2026-02-05T22:30:41.210Z] Running auto auth
[debug] [2026-02-05T22:30:41.210Z] Running auto auth
[error] Failed to fetch Firebase Project from Studio Workspace because WORKSPACE_SLUG environment variable is empty
[debug] [2026-02-05T22:30:41.251Z] > command requires scopes: ["email","openid","https://www.googleapis.com/auth/cloudplatformprojects.readonly","https://www.googleapis.com/auth/firebase","https://www.googleapis.com/auth/cloud-platform","https://www.googleapis.com/auth/userinfo.email"]
[debug] [2026-02-05T22:30:41.252Z] > authorizing via signed-in user (englishmuallim@gmail.com)
[error] Failed to fetch Firebase Project from Studio Workspace because WORKSPACE_SLUG environment variable is empty
[debug] [2026-02-05T22:30:41.276Z] > command requires scopes: ["email","openid","https://www.googleapis.com/auth/cloudplatformprojects.readonly","https://www.googleapis.com/auth/firebase","https://www.googleapis.com/auth/cloud-platform","https://www.googleapis.com/auth/userinfo.email"]
[debug] [2026-02-05T22:30:41.276Z] > authorizing via signed-in user (englishmuallim@gmail.com)
[error] Failed to fetch Firebase Project from Studio Workspace because WORKSPACE_SLUG environment variable is empty
[debug] [2026-02-05T22:30:41.291Z] > command requires scopes: ["email","openid","https://www.googleapis.com/auth/cloudplatformprojects.readonly","https://www.googleapis.com/auth/firebase","https://www.googleapis.com/auth/cloud-platform","https://www.googleapis.com/auth/userinfo.email"]
[debug] [2026-02-05T22:30:41.292Z] > authorizing via signed-in user (englishmuallim@gmail.com)
[error] Failed to fetch Firebase Project from Studio Workspace because WORKSPACE_SLUG environment variable is empty
[error] Failed to fetch Firebase Project from Studio Workspace because WORKSPACE_SLUG environment variable is empty
[error] Failed to fetch Firebase Project from Studio Workspace because WORKSPACE_SLUG environment variable is empty
[error] Failed to fetch Firebase Project from Studio Workspace because WORKSPACE_SLUG environment variable is empty
[debug] [2026-02-06T06:59:24.777Z] > command requires scopes: ["email","openid","https://www.googleapis.com/auth/cloudplatformprojects.readonly","https://www.googleapis.com/auth/firebase","https://www.googleapis.com/auth/cloud-platform","https://www.googleapis.com/auth/userinfo.email"]
[debug] [2026-02-06T06:59:24.783Z] > command requires scopes: ["email","openid","https://www.googleapis.com/auth/cloudplatformprojects.readonly","https://www.googleapis.com/auth/firebase","https://www.googleapis.com/auth/cloud-platform","https://www.googleapis.com/auth/userinfo.email"]
[error] Failed to fetch Firebase Project from Studio Workspace because WORKSPACE_SLUG environment variable is empty
[error] Failed to fetch Firebase Project from Studio Workspace because WORKSPACE_SLUG environment variable is empty
[error] Failed to fetch Firebase Project from Studio Workspace because WORKSPACE_SLUG environment variable is empty
[debug] [2026-02-06T07:00:16.159Z] > command requires scopes: ["email","openid","https://www.googleapis.com/auth/cloudplatformprojects.readonly","https://www.googleapis.com/auth/firebase","https://www.googleapis.com/auth/cloud-platform","https://www.googleapis.com/auth/userinfo.email"]
[error] Failed to fetch Firebase Project from Studio Workspace because WORKSPACE_SLUG environment variable is empty
[debug] [2026-02-06T07:00:18.290Z] > command requires scopes: ["email","openid","https://www.googleapis.com/auth/cloudplatformprojects.readonly","https://www.googleapis.com/auth/firebase","https://www.googleapis.com/auth/cloud-platform","https://www.googleapis.com/auth/userinfo.email"]
[error] Failed to fetch Firebase Project from Studio Workspace because WORKSPACE_SLUG environment variable is empty
[error] Failed to fetch Firebase Project from Studio Workspace because WORKSPACE_SLUG environment variable is empty
[error] Failed to fetch Firebase Project from Studio Workspace because WORKSPACE_SLUG environment variable is empty
[debug] [2026-02-06T07:00:18.317Z] > command requires scopes: ["email","openid","https://www.googleapis.com/auth/cloudplatformprojects.readonly","https://www.googleapis.com/auth/firebase","https://www.googleapis.com/auth/cloud-platform","https://www.googleapis.com/auth/userinfo.email"]
[error] Failed to fetch Firebase Project from Studio Workspace because WORKSPACE_SLUG environment variable is empty
[error] Failed to fetch Firebase Project from Studio Workspace because WORKSPACE_SLUG environment variable is empty
[error] Failed to fetch Firebase Project from Studio Workspace because WORKSPACE_SLUG environment variable is empty
[debug] [2026-02-06T07:00:18.325Z] > command requires scopes: ["email","openid","https://www.googleapis.com/auth/cloudplatformprojects.readonly","https://www.googleapis.com/auth/firebase","https://www.googleapis.com/auth/cloud-platform","https://www.googleapis.com/auth/userinfo.email"]
[error] Failed to fetch Firebase Project from Studio Workspace because WORKSPACE_SLUG environment variable is empty
[error] Failed to fetch Firebase Project from Studio Workspace because WORKSPACE_SLUG environment variable is empty
[debug] [2026-02-06T07:00:20.451Z] > command requires scopes: ["email","openid","https://www.googleapis.com/auth/cloudplatformprojects.readonly","https://www.googleapis.com/auth/firebase","https://www.googleapis.com/auth/cloud-platform","https://www.googleapis.com/auth/userinfo.email"]
[debug] [2026-02-06T07:00:20.451Z] > command requires scopes: ["email","openid","https://www.googleapis.com/auth/cloudplatformprojects.readonly","https://www.googleapis.com/auth/firebase","https://www.googleapis.com/auth/cloud-platform","https://www.googleapis.com/auth/userinfo.email"]
[error] Failed to fetch Firebase Project from Studio Workspace because WORKSPACE_SLUG environment variable is empty
[error] Failed to fetch Firebase Project from Studio Workspace because WORKSPACE_SLUG environment variable is empty
[debug] [2026-02-06T07:32:32.886Z] > command requires scopes: ["email","openid","https://www.googleapis.com/auth/cloudplatformprojects.readonly","https://www.googleapis.com/auth/firebase","https://www.googleapis.com/auth/cloud-platform","https://www.googleapis.com/auth/userinfo.email"]
[error] Failed to fetch Firebase Project from Studio Workspace because WORKSPACE_SLUG environment variable is empty
[error] Failed to fetch Firebase Project from Studio Workspace because WORKSPACE_SLUG environment variable is empty
[debug] [2026-02-06T07:32:32.911Z] > command requires scopes: ["email","openid","https://www.googleapis.com/auth/cloudplatformprojects.readonly","https://www.googleapis.com/auth/firebase","https://www.googleapis.com/auth/cloud-platform","https://www.googleapis.com/auth/userinfo.email"]
[debug] [2026-02-06T07:33:06.313Z] Running auto auth
[debug] [2026-02-06T07:33:06.315Z] Running auto auth
[error] Failed to fetch Firebase Project from Studio Workspace because WORKSPACE_SLUG environment variable is empty
[error] Failed to fetch Firebase Project from Studio Workspace because WORKSPACE_SLUG environment variable is empty
[error] Failed to fetch Firebase Project from Studio Workspace because WORKSPACE_SLUG environment variable is empty
[debug] [2026-02-06T07:33:06.464Z] > command requires scopes: ["email","openid","https://www.googleapis.com/auth/cloudplatformprojects.readonly","https://www.googleapis.com/auth/firebase","https://www.googleapis.com/auth/cloud-platform","https://www.googleapis.com/auth/userinfo.email"]
[debug] [2026-02-06T07:33:06.464Z] > authorizing via signed-in user (englishmuallim@gmail.com)
[error] Failed to fetch Firebase Project from Studio Workspace because WORKSPACE_SLUG environment variable is empty
[debug] [2026-02-06T07:33:06.466Z] > command requires scopes: ["email","openid","https://www.googleapis.com/auth/cloudplatformprojects.readonly","https://www.googleapis.com/auth/firebase","https://www.googleapis.com/auth/cloud-platform","https://www.googleapis.com/auth/userinfo.email"]
[debug] [2026-02-06T07:33:06.467Z] > authorizing via signed-in user (englishmuallim@gmail.com)
[error] Failed to fetch Firebase Project from Studio Workspace because WORKSPACE_SLUG environment variable is empty
[error] Failed to fetch Firebase Project from Studio Workspace because WORKSPACE_SLUG environment variable is empty
[error] Failed to fetch Firebase Project from Studio Workspace because WORKSPACE_SLUG environment variable is empty
[debug] [2026-02-06T07:33:06.487Z] > command requires scopes: ["email","openid","https://www.googleapis.com/auth/cloudplatformprojects.readonly","https://www.googleapis.com/auth/firebase","https://www.googleapis.com/auth/cloud-platform","https://www.googleapis.com/auth/userinfo.email"]
[debug] [2026-02-06T07:33:06.488Z] > authorizing via signed-in user (englishmuallim@gmail.com)
[error] Failed to fetch Firebase Project from Studio Workspace because WORKSPACE_SLUG environment variable is empty
[debug] [2026-02-06T07:33:06.491Z] > command requires scopes: ["email","openid","https://www.googleapis.com/auth/cloudplatformprojects.readonly","https://www.googleapis.com/auth/firebase","https://www.googleapis.com/auth/cloud-platform","https://www.googleapis.com/auth/userinfo.email"]
[debug] [2026-02-06T07:33:06.492Z] > authorizing via signed-in user (englishmuallim@gmail.com)
[error] Failed to fetch Firebase Project from Studio Workspace because WORKSPACE_SLUG environment variable is empty
[error] Failed to fetch Firebase Project from Studio Workspace because WORKSPACE_SLUG environment variable is empty
[error] Failed to fetch Firebase Project from Studio Workspace because WORKSPACE_SLUG environment variable is empty
[debug] [2026-02-06T07:33:06.501Z] > command requires scopes: ["email","openid","https://www.googleapis.com/auth/cloudplatformprojects.readonly","https://www.googleapis.com/auth/firebase","https://www.googleapis.com/auth/cloud-platform","https://www.googleapis.com/auth/userinfo.email"]
[debug] [2026-02-06T07:33:06.502Z] > authorizing via signed-in user (englishmuallim@gmail.com)
[error] Failed to fetch Firebase Project from Studio Workspace because WORKSPACE_SLUG environment variable is empty
[debug] [2026-02-06T07:33:06.504Z] > command requires scopes: ["email","openid","https://www.googleapis.com/auth/cloudplatformprojects.readonly","https://www.googleapis.com/auth/firebase","https://www.googleapis.com/auth/cloud-platform","https://www.googleapis.com/auth/userinfo.email"]
[debug] [2026-02-06T07:33:06.505Z] > authorizing via signed-in user (englishmuallim@gmail.com)
[error] Failed to fetch Firebase Project from Studio Workspace because WORKSPACE_SLUG environment variable is empty
[error] Failed to fetch Firebase Project from Studio Workspace because WORKSPACE_SLUG environment variable is empty
[error] Failed to fetch Firebase Project from Studio Workspace because WORKSPACE_SLUG environment variable is empty
[error] Failed to fetch Firebase Project from Studio Workspace because WORKSPACE_SLUG environment variable is empty
[debug] [2026-02-06T11:55:46.517Z] > command requires scopes: ["email","openid","https://www.googleapis.com/auth/cloudplatformprojects.readonly","https://www.googleapis.com/auth/firebase","https://www.googleapis.com/auth/cloud-platform","https://www.googleapis.com/auth/userinfo.email"]
[debug] [2026-02-06T11:55:46.558Z] > command requires scopes: ["email","openid","https://www.googleapis.com/auth/cloudplatformprojects.readonly","https://www.googleapis.com/auth/firebase","https://www.googleapis.com/auth/cloud-platform","https://www.googleapis.com/auth/userinfo.email"]
[debug] [2026-02-06T11:56:12.477Z] Running auto auth
[debug] [2026-02-06T11:56:12.478Z] Running auto auth
[error] Failed to fetch Firebase Project from Studio Workspace because WORKSPACE_SLUG environment variable is empty
[error] Failed to fetch Firebase Project from Studio Workspace because WORKSPACE_SLUG environment variable is empty
[error] Failed to fetch Firebase Project from Studio Workspace because WORKSPACE_SLUG environment variable is empty
[debug] [2026-02-06T11:56:12.602Z] > command requires scopes: ["email","openid","https://www.googleapis.com/auth/cloudplatformprojects.readonly","https://www.googleapis.com/auth/firebase","https://www.googleapis.com/auth/cloud-platform","https://www.googleapis.com/auth/userinfo.email"]
[debug] [2026-02-06T11:56:12.603Z] > authorizing via signed-in user (englishmuallim@gmail.com)
[error] Failed to fetch Firebase Project from Studio Workspace because WORKSPACE_SLUG environment variable is empty
[debug] [2026-02-06T11:56:12.605Z] > command requires scopes: ["email","openid","https://www.googleapis.com/auth/cloudplatformprojects.readonly","https://www.googleapis.com/auth/firebase","https://www.googleapis.com/auth/cloud-platform","https://www.googleapis.com/auth/userinfo.email"]
[debug] [2026-02-06T11:56:12.605Z] > authorizing via signed-in user (englishmuallim@gmail.com)
[error] Failed to fetch Firebase Project from Studio Workspace because WORKSPACE_SLUG environment variable is empty
[error] Failed to fetch Firebase Project from Studio Workspace because WORKSPACE_SLUG environment variable is empty
[error] Failed to fetch Firebase Project from Studio Workspace because WORKSPACE_SLUG environment variable is empty
[debug] [2026-02-06T11:56:12.620Z] > command requires scopes: ["email","openid","https://www.googleapis.com/auth/cloudplatformprojects.readonly","https://www.googleapis.com/auth/firebase","https://www.googleapis.com/auth/cloud-platform","https://www.googleapis.com/auth/userinfo.email"]
[debug] [2026-02-06T11:56:12.628Z] > authorizing via signed-in user (englishmuallim@gmail.com)
[error] Failed to fetch Firebase Project from Studio Workspace because WORKSPACE_SLUG environment variable is empty
[debug] [2026-02-06T11:56:12.634Z] > command requires scopes: ["email","openid","https://www.googleapis.com/auth/cloudplatformprojects.readonly","https://www.googleapis.com/auth/firebase","https://www.googleapis.com/auth/cloud-platform","https://www.googleapis.com/auth/userinfo.email"]
[debug] [2026-02-06T11:56:12.635Z] > authorizing via signed-in user (englishmuallim@gmail.com)
[error] Failed to fetch Firebase Project from Studio Workspace because WORKSPACE_SLUG environment variable is empty
[error] Failed to fetch Firebase Project from Studio Workspace because WORKSPACE_SLUG environment variable is empty
[error] Failed to fetch Firebase Project from Studio Workspace because WORKSPACE_SLUG environment variable is empty
[debug] [2026-02-06T11:56:12.651Z] > command requires scopes: ["email","openid","https://www.googleapis.com/auth/cloudplatformprojects.readonly","https://www.googleapis.com/auth/firebase","https://www.googleapis.com/auth/cloud-platform","https://www.googleapis.com/auth/userinfo.email"]
[debug] [2026-02-06T11:56:12.651Z] > authorizing via signed-in user (englishmuallim@gmail.com)
[error] Failed to fetch Firebase Project from Studio Workspace because WORKSPACE_SLUG environment variable is empty
[debug] [2026-02-06T11:56:12.654Z] > command requires scopes: ["email","openid","https://www.googleapis.com/auth/cloudplatformprojects.readonly","https://www.googleapis.com/auth/firebase","https://www.googleapis.com/auth/cloud-platform","https://www.googleapis.com/auth/userinfo.email"]
[debug] [2026-02-06T11:56:12.654Z] > authorizing via signed-in user (englishmuallim@gmail.com)
[error] Failed to fetch Firebase Project from Studio Workspace because WORKSPACE_SLUG environment variable is empty
[error] Failed to fetch Firebase Project from Studio Workspace because WORKSPACE_SLUG environment variable is empty
[error] Failed to fetch Firebase Project from Studio Workspace because WORKSPACE_SLUG environment variable is empty
[error] Failed to fetch Firebase Project from Studio Workspace because WORKSPACE_SLUG environment variable is empty
[debug] [2026-02-06T12:44:42.474Z] > command requires scopes: ["email","openid","https://www.googleapis.com/auth/cloudplatformprojects.readonly","https://www.googleapis.com/auth/firebase","https://www.googleapis.com/auth/cloud-platform","https://www.googleapis.com/auth/userinfo.email"]
[debug] [2026-02-06T12:44:42.475Z] > authorizing via signed-in user (englishmuallim@gmail.com)
[debug] [2026-02-06T12:44:42.510Z] > command requires scopes: ["email","openid","https://www.googleapis.com/auth/cloudplatformprojects.readonly","https://www.googleapis.com/auth/firebase","https://www.googleapis.com/auth/cloud-platform","https://www.googleapis.com/auth/userinfo.email"]
[debug] [2026-02-06T12:44:42.511Z] > authorizing via signed-in user (englishmuallim@gmail.com)
[error] Failed to fetch Firebase Project from Studio Workspace because WORKSPACE_SLUG environment variable is empty
[error] Failed to fetch Firebase Project from Studio Workspace because WORKSPACE_SLUG environment variable is empty
[error] Failed to fetch Firebase Project from Studio Workspace because WORKSPACE_SLUG environment variable is empty
[debug] [2026-02-06T12:44:42.559Z] > command requires scopes: ["email","openid","https://www.googleapis.com/auth/cloudplatformprojects.readonly","https://www.googleapis.com/auth/firebase","https://www.googleapis.com/auth/cloud-platform","https://www.googleapis.com/auth/userinfo.email"]
[debug] [2026-02-06T12:44:42.561Z] > authorizing via signed-in user (englishmuallim@gmail.com)
[error] Failed to fetch Firebase Project from Studio Workspace because WORKSPACE_SLUG environment variable is empty
[debug] [2026-02-06T12:44:42.563Z] > command requires scopes: ["email","openid","https://www.googleapis.com/auth/cloudplatformprojects.readonly","https://www.googleapis.com/auth/firebase","https://www.googleapis.com/auth/cloud-platform","https://www.googleapis.com/auth/userinfo.email"]
[debug] [2026-02-06T12:44:42.565Z] > authorizing via signed-in user (englishmuallim@gmail.com)
[error] Failed to fetch Firebase Project from Studio Workspace because WORKSPACE_SLUG environment variable is empty
[error] Failed to fetch Firebase Project from Studio Workspace because WORKSPACE_SLUG environment variable is empty
[error] Failed to fetch Firebase Project from Studio Workspace because WORKSPACE_SLUG environment variable is empty
[debug] [2026-02-06T12:44:42.585Z] > command requires scopes: ["email","openid","https://www.googleapis.com/auth/cloudplatformprojects.readonly","https://www.googleapis.com/auth/firebase","https://www.googleapis.com/auth/cloud-platform","https://www.googleapis.com/auth/userinfo.email"]
[debug] [2026-02-06T12:44:42.585Z] > authorizing via signed-in user (englishmuallim@gmail.com)
[error] Failed to fetch Firebase Project from Studio Workspace because WORKSPACE_SLUG environment variable is empty
[debug] [2026-02-06T12:44:42.586Z] > command requires scopes: ["email","openid","https://www.googleapis.com/auth/cloudplatformprojects.readonly","https://www.googleapis.com/auth/firebase","https://www.googleapis.com/auth/cloud-platform","https://www.googleapis.com/auth/userinfo.email"]
[debug] [2026-02-06T12:44:42.587Z] > authorizing via signed-in user (englishmuallim@gmail.com)
[error] Failed to fetch Firebase Project from Studio Workspace because WORKSPACE_SLUG environment variable is empty
[error] Failed to fetch Firebase Project from Studio Workspace because WORKSPACE_SLUG environment variable is empty
[error] Failed to fetch Firebase Project from Studio Workspace because WORKSPACE_SLUG environment variable is empty
[debug] [2026-02-06T12:44:42.593Z] > command requires scopes: ["email","openid","https://www.googleapis.com/auth/cloudplatformprojects.readonly","https://www.googleapis.com/auth/firebase","https://www.googleapis.com/auth/cloud-platform","https://www.googleapis.com/auth/userinfo.email"]
[debug] [2026-02-06T12:44:42.593Z] > authorizing via signed-in user (englishmuallim@gmail.com)
[error] Failed to fetch Firebase Project from Studio Workspace because WORKSPACE_SLUG environment variable is empty
[debug] [2026-02-06T12:44:42.595Z] > command requires scopes: ["email","openid","https://www.googleapis.com/auth/cloudplatformprojects.readonly","https://www.googleapis.com/auth/firebase","https://www.googleapis.com/auth/cloud-platform","https://www.googleapis.com/auth/userinfo.email"]
[debug] [2026-02-06T12:44:42.595Z] > authorizing via signed-in user (englishmuallim@gmail.com)
[error] Failed to fetch Firebase Project from Studio Workspace because WORKSPACE_SLUG environment variable is empty
[error] Failed to fetch Firebase Project from Studio Workspace because WORKSPACE_SLUG environment variable is empty
[error] Failed to fetch Firebase Project from Studio Workspace because WORKSPACE_SLUG environment variable is empty
[error] Failed to fetch Firebase Project from Studio Workspace because WORKSPACE_SLUG environment variable is empty
[debug] [2026-02-06T20:15:33.013Z] > command requires scopes: ["email","openid","https://www.googleapis.com/auth/cloudplatformprojects.readonly","https://www.googleapis.com/auth/firebase","https://www.googleapis.com/auth/cloud-platform","https://www.googleapis.com/auth/userinfo.email"]
[debug] [2026-02-06T20:15:33.016Z] > command requires scopes: ["email","openid","https://www.googleapis.com/auth/cloudplatformprojects.readonly","https://www.googleapis.com/auth/firebase","https://www.googleapis.com/auth/cloud-platform","https://www.googleapis.com/auth/userinfo.email"]
[debug] [2026-02-06T20:16:05.627Z] Running auto auth
[debug] [2026-02-06T20:16:05.629Z] Running auto auth
[error] Failed to fetch Firebase Project from Studio Workspace because WORKSPACE_SLUG environment variable is empty
[error] Failed to fetch Firebase Project from Studio Workspace because WORKSPACE_SLUG environment variable is empty
[error] Failed to fetch Firebase Project from Studio Workspace because WORKSPACE_SLUG environment variable is empty
[debug] [2026-02-06T20:16:05.812Z] > command requires scopes: ["email","openid","https://www.googleapis.com/auth/cloudplatformprojects.readonly","https://www.googleapis.com/auth/firebase","https://www.googleapis.com/auth/cloud-platform","https://www.googleapis.com/auth/userinfo.email"]
[debug] [2026-02-06T20:16:05.812Z] > authorizing via signed-in user (englishmuallim@gmail.com)
[error] Failed to fetch Firebase Project from Studio Workspace because WORKSPACE_SLUG environment variable is empty
[debug] [2026-02-06T20:16:05.815Z] > command requires scopes: ["email","openid","https://www.googleapis.com/auth/cloudplatformprojects.readonly","https://www.googleapis.com/auth/firebase","https://www.googleapis.com/auth/cloud-platform","https://www.googleapis.com/auth/userinfo.email"]
[debug] [2026-02-06T20:16:05.815Z] > authorizing via signed-in user (englishmuallim@gmail.com)
[error] Failed to fetch Firebase Project from Studio Workspace because WORKSPACE_SLUG environment variable is empty
[error] Failed to fetch Firebase Project from Studio Workspace because WORKSPACE_SLUG environment variable is empty
[error] Failed to fetch Firebase Project from Studio Workspace because WORKSPACE_SLUG environment variable is empty
[error] Failed to fetch Firebase Project from Studio Workspace because WORKSPACE_SLUG environment variable is empty
[error] Failed to fetch Firebase Project from Studio Workspace because WORKSPACE_SLUG environment variable is empty
[error] Failed to fetch Firebase Project from Studio Workspace because WORKSPACE_SLUG environment variable is empty
[debug] [2026-02-06T20:16:05.849Z] > command requires scopes: ["email","openid","https://www.googleapis.com/auth/cloudplatformprojects.readonly","https://www.googleapis.com/auth/firebase","https://www.googleapis.com/auth/cloud-platform","https://www.googleapis.com/auth/userinfo.email"]
[debug] [2026-02-06T20:16:05.849Z] > authorizing via signed-in user (englishmuallim@gmail.com)
[debug] [2026-02-06T20:16:05.849Z] > command requires scopes: ["email","openid","https://www.googleapis.com/auth/cloudplatformprojects.readonly","https://www.googleapis.com/auth/firebase","https://www.googleapis.com/auth/cloud-platform","https://www.googleapis.com/auth/userinfo.email"]
[debug] [2026-02-06T20:16:05.849Z] > authorizing via signed-in user (englishmuallim@gmail.com)
[error] Failed to fetch Firebase Project from Studio Workspace because WORKSPACE_SLUG environment variable is empty
[error] Failed to fetch Firebase Project from Studio Workspace because WORKSPACE_SLUG environment variable is empty
[debug] [2026-02-06T20:16:05.851Z] > command requires scopes: ["email","openid","https://www.googleapis.com/auth/cloudplatformprojects.readonly","https://www.googleapis.com/auth/firebase","https://www.googleapis.com/auth/cloud-platform","https://www.googleapis.com/auth/userinfo.email"]
[debug] [2026-02-06T20:16:05.852Z] > authorizing via signed-in user (englishmuallim@gmail.com)
[debug] [2026-02-06T20:16:05.852Z] > command requires scopes: ["email","openid","https://www.googleapis.com/auth/cloudplatformprojects.readonly","https://www.googleapis.com/auth/firebase","https://www.googleapis.com/auth/cloud-platform","https://www.googleapis.com/auth/userinfo.email"]
[debug] [2026-02-06T20:16:05.852Z] > authorizing via signed-in user (englishmuallim@gmail.com)
[error] Failed to fetch Firebase Project from Studio Workspace because WORKSPACE_SLUG environment variable is empty
[error] Failed to fetch Firebase Project from Studio Workspace because WORKSPACE_SLUG environment variable is empty
[error] Failed to fetch Firebase Project from Studio Workspace because WORKSPACE_SLUG environment variable is empty
[error] Failed to fetch Firebase Project from Studio Workspace because WORKSPACE_SLUG environment variable is empty
[debug] [2026-02-07T20:40:57.736Z] > command requires scopes: ["email","openid","https://www.googleapis.com/auth/cloudplatformprojects.readonly","https://www.googleapis.com/auth/firebase","https://www.googleapis.com/auth/cloud-platform","https://www.googleapis.com/auth/userinfo.email"]
[debug] [2026-02-07T20:40:57.742Z] > command requires scopes: ["email","openid","https://www.googleapis.com/auth/cloudplatformprojects.readonly","https://www.googleapis.com/auth/firebase","https://www.googleapis.com/auth/cloud-platform","https://www.googleapis.com/auth/userinfo.email"]
[error] Failed to fetch Firebase Project from Studio Workspace because WORKSPACE_SLUG environment variable is empty
[error] Failed to fetch Firebase Project from Studio Workspace because WORKSPACE_SLUG environment variable is empty
[error] Failed to fetch Firebase Project from Studio Workspace because WORKSPACE_SLUG environment variable is empty
[debug] [2026-02-07T20:41:35.627Z] > command requires scopes: ["email","openid","https://www.googleapis.com/auth/cloudplatformprojects.readonly","https://www.googleapis.com/auth/firebase","https://www.googleapis.com/auth/cloud-platform","https://www.googleapis.com/auth/userinfo.email"]
[error] Failed to fetch Firebase Project from Studio Workspace because WORKSPACE_SLUG environment variable is empty
[debug] [2026-02-07T20:41:37.778Z] > command requires scopes: ["email","openid","https://www.googleapis.com/auth/cloudplatformprojects.readonly","https://www.googleapis.com/auth/firebase","https://www.googleapis.com/auth/cloud-platform","https://www.googleapis.com/auth/userinfo.email"]
[error] Failed to fetch Firebase Project from Studio Workspace because WORKSPACE_SLUG environment variable is empty
[error] Failed to fetch Firebase Project from Studio Workspace because WORKSPACE_SLUG environment variable is empty
[error] Failed to fetch Firebase Project from Studio Workspace because WORKSPACE_SLUG environment variable is empty
[debug] [2026-02-07T20:41:37.805Z] > command requires scopes: ["email","openid","https://www.googleapis.com/auth/cloudplatformprojects.readonly","https://www.googleapis.com/auth/firebase","https://www.googleapis.com/auth/cloud-platform","https://www.googleapis.com/auth/userinfo.email"]
[error] Failed to fetch Firebase Project from Studio Workspace because WORKSPACE_SLUG environment variable is empty
[error] Failed to fetch Firebase Project from Studio Workspace because WORKSPACE_SLUG environment variable is empty
[error] Failed to fetch Firebase Project from Studio Workspace because WORKSPACE_SLUG environment variable is empty
[debug] [2026-02-07T20:41:37.816Z] > command requires scopes: ["email","openid","https://www.googleapis.com/auth/cloudplatformprojects.readonly","https://www.googleapis.com/auth/firebase","https://www.googleapis.com/auth/cloud-platform","https://www.googleapis.com/auth/userinfo.email"]
[error] Failed to fetch Firebase Project from Studio Workspace because WORKSPACE_SLUG environment variable is empty
[error] Failed to fetch Firebase Project from Studio Workspace because WORKSPACE_SLUG environment variable is empty
[debug] [2026-02-07T20:41:39.953Z] > command requires scopes: ["email","openid","https://www.googleapis.com/auth/cloudplatformprojects.readonly","https://www.googleapis.com/auth/firebase","https://www.googleapis.com/auth/cloud-platform","https://www.googleapis.com/auth/userinfo.email"]
[debug] [2026-02-07T20:41:39.953Z] > command requires scopes: ["email","openid","https://www.googleapis.com/auth/cloudplatformprojects.readonly","https://www.googleapis.com/auth/firebase","https://www.googleapis.com/auth/cloud-platform","https://www.googleapis.com/auth/userinfo.email"]
[error] Failed to fetch Firebase Project from Studio Workspace because WORKSPACE_SLUG environment variable is empty
[error] Failed to fetch Firebase Project from Studio Workspace because WORKSPACE_SLUG environment variable is empty
[error] Failed to fetch Firebase Project from Studio Workspace because WORKSPACE_SLUG environment variable is empty
[error] Failed to fetch Firebase Project from Studio Workspace because WORKSPACE_SLUG environment variable is empty
[debug] [2026-02-08T18:13:05.840Z] > command requires scopes: ["email","openid","https://www.googleapis.com/auth/cloudplatformprojects.readonly","https://www.googleapis.com/auth/firebase","https://www.googleapis.com/auth/cloud-platform","https://www.googleapis.com/auth/userinfo.email"]
[debug] [2026-02-08T18:13:05.844Z] > command requires scopes: ["email","openid","https://www.googleapis.com/auth/cloudplatformprojects.readonly","https://www.googleapis.com/auth/firebase","https://www.googleapis.com/auth/cloud-platform","https://www.googleapis.com/auth/userinfo.email"]
[debug] [2026-02-08T18:13:36.146Z] Running auto auth
[debug] [2026-02-08T18:13:36.147Z] Running auto auth
[error] Failed to fetch Firebase Project from Studio Workspace because WORKSPACE_SLUG environment variable is empty
[error] Failed to fetch Firebase Project from Studio Workspace because WORKSPACE_SLUG environment variable is empty
[error] Failed to fetch Firebase Project from Studio Workspace because WORKSPACE_SLUG environment variable is empty
[debug] [2026-02-08T18:13:36.278Z] > command requires scopes: ["email","openid","https://www.googleapis.com/auth/cloudplatformprojects.readonly","https://www.googleapis.com/auth/firebase","https://www.googleapis.com/auth/cloud-platform","https://www.googleapis.com/auth/userinfo.email"]
[debug] [2026-02-08T18:13:36.278Z] > authorizing via signed-in user (englishmuallim@gmail.com)
[error] Failed to fetch Firebase Project from Studio Workspace because WORKSPACE_SLUG environment variable is empty
[debug] [2026-02-08T18:13:36.281Z] > command requires scopes: ["email","openid","https://www.googleapis.com/auth/cloudplatformprojects.readonly","https://www.googleapis.com/auth/firebase","https://www.googleapis.com/auth/cloud-platform","https://www.googleapis.com/auth/userinfo.email"]
[debug] [2026-02-08T18:13:36.281Z] > authorizing via signed-in user (englishmuallim@gmail.com)
[error] Failed to fetch Firebase Project from Studio Workspace because WORKSPACE_SLUG environment variable is empty
[error] Failed to fetch Firebase Project from Studio Workspace because WORKSPACE_SLUG environment variable is empty
[error] Failed to fetch Firebase Project from Studio Workspace because WORKSPACE_SLUG environment variable is empty
[debug] [2026-02-08T18:13:36.331Z] > command requires scopes: ["email","openid","https://www.googleapis.com/auth/cloudplatformprojects.readonly","https://www.googleapis.com/auth/firebase","https://www.googleapis.com/auth/cloud-platform","https://www.googleapis.com/auth/userinfo.email"]
[debug] [2026-02-08T18:13:36.331Z] > authorizing via signed-in user (englishmuallim@gmail.com)
[error] Failed to fetch Firebase Project from Studio Workspace because WORKSPACE_SLUG environment variable is empty
[debug] [2026-02-08T18:13:36.342Z] > command requires scopes: ["email","openid","https://www.googleapis.com/auth/cloudplatformprojects.readonly","https://www.googleapis.com/auth/firebase","https://www.googleapis.com/auth/cloud-platform","https://www.googleapis.com/auth/userinfo.email"]
[debug] [2026-02-08T18:13:36.342Z] > authorizing via signed-in user (englishmuallim@gmail.com)
[error] Failed to fetch Firebase Project from Studio Workspace because WORKSPACE_SLUG environment variable is empty
[error] Failed to fetch Firebase Project from Studio Workspace because WORKSPACE_SLUG environment variable is empty
[error] Failed to fetch Firebase Project from Studio Workspace because WORKSPACE_SLUG environment variable is empty
[debug] [2026-02-08T18:13:36.347Z] > command requires scopes: ["email","openid","https://www.googleapis.com/auth/cloudplatformprojects.readonly","https://www.googleapis.com/auth/firebase","https://www.googleapis.com/auth/cloud-platform","https://www.googleapis.com/auth/userinfo.email"]
[debug] [2026-02-08T18:13:36.347Z] > authorizing via signed-in user (englishmuallim@gmail.com)
[error] Failed to fetch Firebase Project from Studio Workspace because WORKSPACE_SLUG environment variable is empty
[debug] [2026-02-08T18:13:36.348Z] > command requires scopes: ["email","openid","https://www.googleapis.com/auth/cloudplatformprojects.readonly","https://www.googleapis.com/auth/firebase","https://www.googleapis.com/auth/cloud-platform","https://www.googleapis.com/auth/userinfo.email"]
[debug] [2026-02-08T18:13:36.349Z] > authorizing via signed-in user (englishmuallim@gmail.com)
[error] Failed to fetch Firebase Project from Studio Workspace because WORKSPACE_SLUG environment variable is empty
[error] Failed to fetch Firebase Project from Studio Workspace because WORKSPACE_SLUG environment variable is empty
[error] Failed to fetch Firebase Project from Studio Workspace because WORKSPACE_SLUG environment variable is empty
[error] Failed to fetch Firebase Project from Studio Workspace because WORKSPACE_SLUG environment variable is empty
[debug] [2026-02-08T19:43:05.869Z] > command requires scopes: ["email","openid","https://www.googleapis.com/auth/cloudplatformprojects.readonly","https://www.googleapis.com/auth/firebase","https://www.googleapis.com/auth/cloud-platform","https://www.googleapis.com/auth/userinfo.email"]
[debug] [2026-02-08T19:43:05.872Z] > command requires scopes: ["email","openid","https://www.googleapis.com/auth/cloudplatformprojects.readonly","https://www.googleapis.com/auth/firebase","https://www.googleapis.com/auth/cloud-platform","https://www.googleapis.com/auth/userinfo.email"]
[debug] [2026-02-08T19:43:39.923Z] Running auto auth
[debug] [2026-02-08T19:43:39.924Z] Running auto auth
[error] Failed to fetch Firebase Project from Studio Workspace because WORKSPACE_SLUG environment variable is empty
[error] Failed to fetch Firebase Project from Studio Workspace because WORKSPACE_SLUG environment variable is empty
[error] Failed to fetch Firebase Project from Studio Workspace because WORKSPACE_SLUG environment variable is empty
[debug] [2026-02-08T19:43:40.068Z] > command requires scopes: ["email","openid","https://www.googleapis.com/auth/cloudplatformprojects.readonly","https://www.googleapis.com/auth/firebase","https://www.googleapis.com/auth/cloud-platform","https://www.googleapis.com/auth/userinfo.email"]
[debug] [2026-02-08T19:43:40.069Z] > authorizing via signed-in user (englishmuallim@gmail.com)
[error] Failed to fetch Firebase Project from Studio Workspace because WORKSPACE_SLUG environment variable is empty
[debug] [2026-02-08T19:43:40.071Z] > command requires scopes: ["email","openid","https://www.googleapis.com/auth/cloudplatformprojects.readonly","https://www.googleapis.com/auth/firebase","https://www.googleapis.com/auth/cloud-platform","https://www.googleapis.com/auth/userinfo.email"]
[debug] [2026-02-08T19:43:40.072Z] > authorizing via signed-in user (englishmuallim@gmail.com)
[error] Failed to fetch Firebase Project from Studio Workspace because WORKSPACE_SLUG environment variable is empty
[error] Failed to fetch Firebase Project from Studio Workspace because WORKSPACE_SLUG environment variable is empty
[error] Failed to fetch Firebase Project from Studio Workspace because WORKSPACE_SLUG environment variable is empty
[debug] [2026-02-08T19:43:40.103Z] > command requires scopes: ["email","openid","https://www.googleapis.com/auth/cloudplatformprojects.readonly","https://www.googleapis.com/auth/firebase","https://www.googleapis.com/auth/cloud-platform","https://www.googleapis.com/auth/userinfo.email"]
[debug] [2026-02-08T19:43:40.103Z] > authorizing via signed-in user (englishmuallim@gmail.com)
[error] Failed to fetch Firebase Project from Studio Workspace because WORKSPACE_SLUG environment variable is empty
[debug] [2026-02-08T19:43:40.105Z] > command requires scopes: ["email","openid","https://www.googleapis.com/auth/cloudplatformprojects.readonly","https://www.googleapis.com/auth/firebase","https://www.googleapis.com/auth/cloud-platform","https://www.googleapis.com/auth/userinfo.email"]
[debug] [2026-02-08T19:43:40.105Z] > authorizing via signed-in user (englishmuallim@gmail.com)
[error] Failed to fetch Firebase Project from Studio Workspace because WORKSPACE_SLUG environment variable is empty
[error] Failed to fetch Firebase Project from Studio Workspace because WORKSPACE_SLUG environment variable is empty
[error] Failed to fetch Firebase Project from Studio Workspace because WORKSPACE_SLUG environment variable is empty
[debug] [2026-02-08T19:43:40.111Z] > command requires scopes: ["email","openid","https://www.googleapis.com/auth/cloudplatformprojects.readonly","https://www.googleapis.com/auth/firebase","https://www.googleapis.com/auth/cloud-platform","https://www.googleapis.com/auth/userinfo.email"]
[debug] [2026-02-08T19:43:40.112Z] > authorizing via signed-in user (englishmuallim@gmail.com)
[error] Failed to fetch Firebase Project from Studio Workspace because WORKSPACE_SLUG environment variable is empty
[debug] [2026-02-08T19:43:40.113Z] > command requires scopes: ["email","openid","https://www.googleapis.com/auth/cloudplatformprojects.readonly","https://www.googleapis.com/auth/firebase","https://www.googleapis.com/auth/cloud-platform","https://www.googleapis.com/auth/userinfo.email"]
[debug] [2026-02-08T19:43:40.113Z] > authorizing via signed-in user (englishmuallim@gmail.com)
[error] Failed to fetch Firebase Project from Studio Workspace because WORKSPACE_SLUG environment variable is empty
[error] Failed to fetch Firebase Project from Studio Workspace because WORKSPACE_SLUG environment variable is empty
[error] Failed to fetch Firebase Project from Studio Workspace because WORKSPACE_SLUG environment variable is empty
[error] Failed to fetch Firebase Project from Studio Workspace because WORKSPACE_SLUG environment variable is empty
[debug] [2026-02-08T21:16:29.111Z] > command requires scopes: ["email","openid","https://www.googleapis.com/auth/cloudplatformprojects.readonly","https://www.googleapis.com/auth/firebase","https://www.googleapis.com/auth/cloud-platform","https://www.googleapis.com/auth/userinfo.email"]
[debug] [2026-02-08T21:16:29.114Z] > command requires scopes: ["email","openid","https://www.googleapis.com/auth/cloudplatformprojects.readonly","https://www.googleapis.com/auth/firebase","https://www.googleapis.com/auth/cloud-platform","https://www.googleapis.com/auth/userinfo.email"]
[error] Failed to fetch Firebase Project from Studio Workspace because WORKSPACE_SLUG environment variable is empty
[error] Failed to fetch Firebase Project from Studio Workspace because WORKSPACE_SLUG environment variable is empty
[error] Failed to fetch Firebase Project from Studio Workspace because WORKSPACE_SLUG environment variable is empty
[error] Failed to fetch Firebase Project from Studio Workspace because WORKSPACE_SLUG environment variable is empty
[debug] [2026-02-08T21:17:29.108Z] > command requires scopes: ["email","openid","https://www.googleapis.com/auth/cloudplatformprojects.readonly","https://www.googleapis.com/auth/firebase","https://www.googleapis.com/auth/cloud-platform","https://www.googleapis.com/auth/userinfo.email"]
[debug] [2026-02-08T21:17:29.109Z] > command requires scopes: ["email","openid","https://www.googleapis.com/auth/cloudplatformprojects.readonly","https://www.googleapis.com/auth/firebase","https://www.googleapis.com/auth/cloud-platform","https://www.googleapis.com/auth/userinfo.email"]
[error] Failed to fetch Firebase Project from Studio Workspace because WORKSPACE_SLUG environment variable is empty
[error] Failed to fetch Firebase Project from Studio Workspace because WORKSPACE_SLUG environment variable is empty
[error] Failed to fetch Firebase Project from Studio Workspace because WORKSPACE_SLUG environment variable is empty
[debug] [2026-02-08T21:17:35.438Z] > command requires scopes: ["email","openid","https://www.googleapis.com/auth/cloudplatformprojects.readonly","https://www.googleapis.com/auth/firebase","https://www.googleapis.com/auth/cloud-platform","https://www.googleapis.com/auth/userinfo.email"]
[error] Failed to fetch Firebase Project from Studio Workspace because WORKSPACE_SLUG environment variable is empty
[error] Failed to fetch Firebase Project from Studio Workspace because WORKSPACE_SLUG environment variable is empty
[error] Failed to fetch Firebase Project from Studio Workspace because WORKSPACE_SLUG environment variable is empty
[debug] [2026-02-08T21:17:35.450Z] > command requires scopes: ["email","openid","https://www.googleapis.com/auth/cloudplatformprojects.readonly","https://www.googleapis.com/auth/firebase","https://www.googleapis.com/auth/cloud-platform","https://www.googleapis.com/auth/userinfo.email"]
[error] Failed to fetch Firebase Project from Studio Workspace because WORKSPACE_SLUG environment variable is empty
[error] Failed to fetch Firebase Project from Studio Workspace because WORKSPACE_SLUG environment variable is empty
[error] Failed to fetch Firebase Project from Studio Workspace because WORKSPACE_SLUG environment variable is empty
[debug] [2026-02-08T21:17:35.460Z] > command requires scopes: ["email","openid","https://www.googleapis.com/auth/cloudplatformprojects.readonly","https://www.googleapis.com/auth/firebase","https://www.googleapis.com/auth/cloud-platform","https://www.googleapis.com/auth/userinfo.email"]
[error] Failed to fetch Firebase Project from Studio Workspace because WORKSPACE_SLUG environment variable is empty
[error] Failed to fetch Firebase Project from Studio Workspace because WORKSPACE_SLUG environment variable is empty
[error] Failed to fetch Firebase Project from Studio Workspace because WORKSPACE_SLUG environment variable is empty
[debug] [2026-02-08T21:17:37.604Z] > command requires scopes: ["email","openid","https://www.googleapis.com/auth/cloudplatformprojects.readonly","https://www.googleapis.com/auth/firebase","https://www.googleapis.com/auth/cloud-platform","https://www.googleapis.com/auth/userinfo.email"]
[debug] [2026-02-08T21:17:37.605Z] > command requires scopes: ["email","openid","https://www.googleapis.com/auth/cloudplatformprojects.readonly","https://www.googleapis.com/auth/firebase","https://www.googleapis.com/auth/cloud-platform","https://www.googleapis.com/auth/userinfo.email"]
[debug] [2026-02-08T21:17:37.605Z] > command requires scopes: ["email","openid","https://www.googleapis.com/auth/cloudplatformprojects.readonly","https://www.googleapis.com/auth/firebase","https://www.googleapis.com/auth/cloud-platform","https://www.googleapis.com/auth/userinfo.email"]
[error] Failed to fetch Firebase Project from Studio Workspace because WORKSPACE_SLUG environment variable is empty
[error] Failed to fetch Firebase Project from Studio Workspace because WORKSPACE_SLUG environment variable is empty
[error] Failed to fetch Firebase Project from Studio Workspace because WORKSPACE_SLUG environment variable is empty
[error] Failed to fetch Firebase Project from Studio Workspace because WORKSPACE_SLUG environment variable is empty
[debug] [2026-02-09T04:48:46.605Z] > command requires scopes: ["email","openid","https://www.googleapis.com/auth/cloudplatformprojects.readonly","https://www.googleapis.com/auth/firebase","https://www.googleapis.com/auth/cloud-platform","https://www.googleapis.com/auth/userinfo.email"]
[debug] [2026-02-09T04:48:46.609Z] > command requires scopes: ["email","openid","https://www.googleapis.com/auth/cloudplatformprojects.readonly","https://www.googleapis.com/auth/firebase","https://www.googleapis.com/auth/cloud-platform","https://www.googleapis.com/auth/userinfo.email"]
[error] Failed to fetch Firebase Project from Studio Workspace because WORKSPACE_SLUG environment variable is empty
[error] Failed to fetch Firebase Project from Studio Workspace because WORKSPACE_SLUG environment variable is empty
[debug] [2026-02-09T04:49:46.625Z] > command requires scopes: ["email","openid","https://www.googleapis.com/auth/cloudplatformprojects.readonly","https://www.googleapis.com/auth/firebase","https://www.googleapis.com/auth/cloud-platform","https://www.googleapis.com/auth/userinfo.email"]
[error] Failed to fetch Firebase Project from Studio Workspace because WORKSPACE_SLUG environment variable is empty
[error] Failed to fetch Firebase Project from Studio Workspace because WORKSPACE_SLUG environment variable is empty
[debug] [2026-02-09T04:49:46.639Z] > command requires scopes: ["email","openid","https://www.googleapis.com/auth/cloudplatformprojects.readonly","https://www.googleapis.com/auth/firebase","https://www.googleapis.com/auth/cloud-platform","https://www.googleapis.com/auth/userinfo.email"]
[error] Failed to fetch Firebase Project from Studio Workspace because WORKSPACE_SLUG environment variable is empty
[error] Failed to fetch Firebase Project from Studio Workspace because WORKSPACE_SLUG environment variable is empty
[error] Failed to fetch Firebase Project from Studio Workspace because WORKSPACE_SLUG environment variable is empty
[debug] [2026-02-09T04:50:53.721Z] > command requires scopes: ["email","openid","https://www.googleapis.com/auth/cloudplatformprojects.readonly","https://www.googleapis.com/auth/firebase","https://www.googleapis.com/auth/cloud-platform","https://www.googleapis.com/auth/userinfo.email"]
[error] Failed to fetch Firebase Project from Studio Workspace because WORKSPACE_SLUG environment variable is empty
[error] Failed to fetch Firebase Project from Studio Workspace because WORKSPACE_SLUG environment variable is empty
[error] Failed to fetch Firebase Project from Studio Workspace because WORKSPACE_SLUG environment variable is empty
[debug] [2026-02-09T04:50:53.732Z] > command requires scopes: ["email","openid","https://www.googleapis.com/auth/cloudplatformprojects.readonly","https://www.googleapis.com/auth/firebase","https://www.googleapis.com/auth/cloud-platform","https://www.googleapis.com/auth/userinfo.email"]
[error] Failed to fetch Firebase Project from Studio Workspace because WORKSPACE_SLUG environment variable is empty
[error] Failed to fetch Firebase Project from Studio Workspace because WORKSPACE_SLUG environment variable is empty
[error] Failed to fetch Firebase Project from Studio Workspace because WORKSPACE_SLUG environment variable is empty
[debug] [2026-02-09T04:50:53.739Z] > command requires scopes: ["email","openid","https://www.googleapis.com/auth/cloudplatformprojects.readonly","https://www.googleapis.com/auth/firebase","https://www.googleapis.com/auth/cloud-platform","https://www.googleapis.com/auth/userinfo.email"]
[error] Failed to fetch Firebase Project from Studio Workspace because WORKSPACE_SLUG environment variable is empty
[error] Failed to fetch Firebase Project from Studio Workspace because WORKSPACE_SLUG environment variable is empty
[error] Failed to fetch Firebase Project from Studio Workspace because WORKSPACE_SLUG environment variable is empty
[debug] [2026-02-09T04:50:55.867Z] > command requires scopes: ["email","openid","https://www.googleapis.com/auth/cloudplatformprojects.readonly","https://www.googleapis.com/auth/firebase","https://www.googleapis.com/auth/cloud-platform","https://www.googleapis.com/auth/userinfo.email"]
[debug] [2026-02-09T04:50:55.867Z] > command requires scopes: ["email","openid","https://www.googleapis.com/auth/cloudplatformprojects.readonly","https://www.googleapis.com/auth/firebase","https://www.googleapis.com/auth/cloud-platform","https://www.googleapis.com/auth/userinfo.email"]
[debug] [2026-02-09T04:50:55.868Z] > command requires scopes: ["email","openid","https://www.googleapis.com/auth/cloudplatformprojects.readonly","https://www.googleapis.com/auth/firebase","https://www.googleapis.com/auth/cloud-platform","https://www.googleapis.com/auth/userinfo.email"]
[error] Failed to fetch Firebase Project from Studio Workspace because WORKSPACE_SLUG environment variable is empty
[error] Failed to fetch Firebase Project from Studio Workspace because WORKSPACE_SLUG environment variable is empty
[error] Failed to fetch Firebase Project from Studio Workspace because WORKSPACE_SLUG environment variable is empty
[error] Failed to fetch Firebase Project from Studio Workspace because WORKSPACE_SLUG environment variable is empty
[debug] [2026-02-09T21:22:03.310Z] > command requires scopes: ["email","openid","https://www.googleapis.com/auth/cloudplatformprojects.readonly","https://www.googleapis.com/auth/firebase","https://www.googleapis.com/auth/cloud-platform","https://www.googleapis.com/auth/userinfo.email"]
[debug] [2026-02-09T21:22:03.313Z] > command requires scopes: ["email","openid","https://www.googleapis.com/auth/cloudplatformprojects.readonly","https://www.googleapis.com/auth/firebase","https://www.googleapis.com/auth/cloud-platform","https://www.googleapis.com/auth/userinfo.email"]
[debug] [2026-02-09T21:22:28.466Z] Running auto auth
[debug] [2026-02-09T21:22:28.467Z] Running auto auth
[error] Failed to fetch Firebase Project from Studio Workspace because WORKSPACE_SLUG environment variable is empty
[error] Failed to fetch Firebase Project from Studio Workspace because WORKSPACE_SLUG environment variable is empty
[error] Failed to fetch Firebase Project from Studio Workspace because WORKSPACE_SLUG environment variable is empty
[debug] [2026-02-09T21:22:28.590Z] > command requires scopes: ["email","openid","https://www.googleapis.com/auth/cloudplatformprojects.readonly","https://www.googleapis.com/auth/firebase","https://www.googleapis.com/auth/cloud-platform","https://www.googleapis.com/auth/userinfo.email"]
[debug] [2026-02-09T21:22:28.591Z] > authorizing via signed-in user (englishmuallim@gmail.com)
[error] Failed to fetch Firebase Project from Studio Workspace because WORKSPACE_SLUG environment variable is empty
[debug] [2026-02-09T21:22:28.593Z] > command requires scopes: ["email","openid","https://www.googleapis.com/auth/cloudplatformprojects.readonly","https://www.googleapis.com/auth/firebase","https://www.googleapis.com/auth/cloud-platform","https://www.googleapis.com/auth/userinfo.email"]
[debug] [2026-02-09T21:22:28.593Z] > authorizing via signed-in user (englishmuallim@gmail.com)
[error] Failed to fetch Firebase Project from Studio Workspace because WORKSPACE_SLUG environment variable is empty
[error] Failed to fetch Firebase Project from Studio Workspace because WORKSPACE_SLUG environment variable is empty
[error] Failed to fetch Firebase Project from Studio Workspace because WORKSPACE_SLUG environment variable is empty
[debug] [2026-02-09T21:22:28.608Z] > command requires scopes: ["email","openid","https://www.googleapis.com/auth/cloudplatformprojects.readonly","https://www.googleapis.com/auth/firebase","https://www.googleapis.com/auth/cloud-platform","https://www.googleapis.com/auth/userinfo.email"]
[debug] [2026-02-09T21:22:28.608Z] > authorizing via signed-in user (englishmuallim@gmail.com)
[error] Failed to fetch Firebase Project from Studio Workspace because WORKSPACE_SLUG environment variable is empty
[debug] [2026-02-09T21:22:28.610Z] > command requires scopes: ["email","openid","https://www.googleapis.com/auth/cloudplatformprojects.readonly","https://www.googleapis.com/auth/firebase","https://www.googleapis.com/auth/cloud-platform","https://www.googleapis.com/auth/userinfo.email"]
[debug] [2026-02-09T21:22:28.611Z] > authorizing via signed-in user (englishmuallim@gmail.com)
[error] Failed to fetch Firebase Project from Studio Workspace because WORKSPACE_SLUG environment variable is empty
[error] Failed to fetch Firebase Project from Studio Workspace because WORKSPACE_SLUG environment variable is empty
[error] Failed to fetch Firebase Project from Studio Workspace because WORKSPACE_SLUG environment variable is empty
[debug] [2026-02-09T21:22:28.628Z] > command requires scopes: ["email","openid","https://www.googleapis.com/auth/cloudplatformprojects.readonly","https://www.googleapis.com/auth/firebase","https://www.googleapis.com/auth/cloud-platform","https://www.googleapis.com/auth/userinfo.email"]
[debug] [2026-02-09T21:22:28.628Z] > authorizing via signed-in user (englishmuallim@gmail.com)
[error] Failed to fetch Firebase Project from Studio Workspace because WORKSPACE_SLUG environment variable is empty
[debug] [2026-02-09T21:22:28.634Z] > command requires scopes: ["email","openid","https://www.googleapis.com/auth/cloudplatformprojects.readonly","https://www.googleapis.com/auth/firebase","https://www.googleapis.com/auth/cloud-platform","https://www.googleapis.com/auth/userinfo.email"]
[debug] [2026-02-09T21:22:28.635Z] > authorizing via signed-in user (englishmuallim@gmail.com)
[error] Failed to fetch Firebase Project from Studio Workspace because WORKSPACE_SLUG environment variable is empty
[error] Failed to fetch Firebase Project from Studio Workspace because WORKSPACE_SLUG environment variable is empty
[error] Failed to fetch Firebase Project from Studio Workspace because WORKSPACE_SLUG environment variable is empty
[error] Failed to fetch Firebase Project from Studio Workspace because WORKSPACE_SLUG environment variable is empty
[debug] [2026-02-10T04:54:42.205Z] > command requires scopes: ["email","openid","https://www.googleapis.com/auth/cloudplatformprojects.readonly","https://www.googleapis.com/auth/firebase","https://www.googleapis.com/auth/cloud-platform","https://www.googleapis.com/auth/userinfo.email"]
[debug] [2026-02-10T04:54:42.212Z] > command requires scopes: ["email","openid","https://www.googleapis.com/auth/cloudplatformprojects.readonly","https://www.googleapis.com/auth/firebase","https://www.googleapis.com/auth/cloud-platform","https://www.googleapis.com/auth/userinfo.email"]
[error] Failed to fetch Firebase Project from Studio Workspace because WORKSPACE_SLUG environment variable is empty
[error] Failed to fetch Firebase Project from Studio Workspace because WORKSPACE_SLUG environment variable is empty
[error] Failed to fetch Firebase Project from Studio Workspace because WORKSPACE_SLUG environment variable is empty
[error] Failed to fetch Firebase Project from Studio Workspace because WORKSPACE_SLUG environment variable is empty
[debug] [2026-02-10T04:55:42.181Z] > command requires scopes: ["email","openid","https://www.googleapis.com/auth/cloudplatformprojects.readonly","https://www.googleapis.com/auth/firebase","https://www.googleapis.com/auth/cloud-platform","https://www.googleapis.com/auth/userinfo.email"]
[debug] [2026-02-10T04:55:42.181Z] > command requires scopes: ["email","openid","https://www.googleapis.com/auth/cloudplatformprojects.readonly","https://www.googleapis.com/auth/firebase","https://www.googleapis.com/auth/cloud-platform","https://www.googleapis.com/auth/userinfo.email"]
[error] Failed to fetch Firebase Project from Studio Workspace because WORKSPACE_SLUG environment variable is empty
[error] Failed to fetch Firebase Project from Studio Workspace because WORKSPACE_SLUG environment variable is empty
[error] Failed to fetch Firebase Project from Studio Workspace because WORKSPACE_SLUG environment variable is empty
[debug] [2026-02-10T04:56:36.436Z] > command requires scopes: ["email","openid","https://www.googleapis.com/auth/cloudplatformprojects.readonly","https://www.googleapis.com/auth/firebase","https://www.googleapis.com/auth/cloud-platform","https://www.googleapis.com/auth/userinfo.email"]
[error] Failed to fetch Firebase Project from Studio Workspace because WORKSPACE_SLUG environment variable is empty
[error] Failed to fetch Firebase Project from Studio Workspace because WORKSPACE_SLUG environment variable is empty
[error] Failed to fetch Firebase Project from Studio Workspace because WORKSPACE_SLUG environment variable is empty
[debug] [2026-02-10T04:56:36.441Z] > command requires scopes: ["email","openid","https://www.googleapis.com/auth/cloudplatformprojects.readonly","https://www.googleapis.com/auth/firebase","https://www.googleapis.com/auth/cloud-platform","https://www.googleapis.com/auth/userinfo.email"]
[error] Failed to fetch Firebase Project from Studio Workspace because WORKSPACE_SLUG environment variable is empty
[error] Failed to fetch Firebase Project from Studio Workspace because WORKSPACE_SLUG environment variable is empty
[error] Failed to fetch Firebase Project from Studio Workspace because WORKSPACE_SLUG environment variable is empty
[debug] [2026-02-10T04:56:36.449Z] > command requires scopes: ["email","openid","https://www.googleapis.com/auth/cloudplatformprojects.readonly","https://www.googleapis.com/auth/firebase","https://www.googleapis.com/auth/cloud-platform","https://www.googleapis.com/auth/userinfo.email"]
[error] Failed to fetch Firebase Project from Studio Workspace because WORKSPACE_SLUG environment variable is empty
[error] Failed to fetch Firebase Project from Studio Workspace because WORKSPACE_SLUG environment variable is empty
[error] Failed to fetch Firebase Project from Studio Workspace because WORKSPACE_SLUG environment variable is empty
[debug] [2026-02-10T04:56:38.586Z] > command requires scopes: ["email","openid","https://www.googleapis.com/auth/cloudplatformprojects.readonly","https://www.googleapis.com/auth/firebase","https://www.googleapis.com/auth/cloud-platform","https://www.googleapis.com/auth/userinfo.email"]
[debug] [2026-02-10T04:56:38.586Z] > command requires scopes: ["email","openid","https://www.googleapis.com/auth/cloudplatformprojects.readonly","https://www.googleapis.com/auth/firebase","https://www.googleapis.com/auth/cloud-platform","https://www.googleapis.com/auth/userinfo.email"]
[debug] [2026-02-10T04:56:38.586Z] > command requires scopes: ["email","openid","https://www.googleapis.com/auth/cloudplatformprojects.readonly","https://www.googleapis.com/auth/firebase","https://www.googleapis.com/auth/cloud-platform","https://www.googleapis.com/auth/userinfo.email"]
[error] Failed to fetch Firebase Project from Studio Workspace because WORKSPACE_SLUG environment variable is empty
[error] Failed to fetch Firebase Project from Studio Workspace because WORKSPACE_SLUG environment variable is empty
[error] Failed to fetch Firebase Project from Studio Workspace because WORKSPACE_SLUG environment variable is empty
[error] Failed to fetch Firebase Project from Studio Workspace because WORKSPACE_SLUG environment variable is empty
[debug] [2026-02-10T20:34:19.982Z] > command requires scopes: ["email","openid","https://www.googleapis.com/auth/cloudplatformprojects.readonly","https://www.googleapis.com/auth/firebase","https://www.googleapis.com/auth/cloud-platform","https://www.googleapis.com/auth/userinfo.email"]
[debug] [2026-02-10T20:34:19.986Z] > command requires scopes: ["email","openid","https://www.googleapis.com/auth/cloudplatformprojects.readonly","https://www.googleapis.com/auth/firebase","https://www.googleapis.com/auth/cloud-platform","https://www.googleapis.com/auth/userinfo.email"]
[debug] [2026-02-10T20:35:01.292Z] Running auto auth
[debug] [2026-02-10T20:35:01.294Z] Running auto auth
[error] Failed to fetch Firebase Project from Studio Workspace because WORKSPACE_SLUG environment variable is empty
[error] Failed to fetch Firebase Project from Studio Workspace because WORKSPACE_SLUG environment variable is empty
[error] Failed to fetch Firebase Project from Studio Workspace because WORKSPACE_SLUG environment variable is empty
[debug] [2026-02-10T20:35:01.437Z] > command requires scopes: ["email","openid","https://www.googleapis.com/auth/cloudplatformprojects.readonly","https://www.googleapis.com/auth/firebase","https://www.googleapis.com/auth/cloud-platform","https://www.googleapis.com/auth/userinfo.email"]
[debug] [2026-02-10T20:35:01.440Z] > authorizing via signed-in user (englishmuallim@gmail.com)
[error] Failed to fetch Firebase Project from Studio Workspace because WORKSPACE_SLUG environment variable is empty
[debug] [2026-02-10T20:35:01.442Z] > command requires scopes: ["email","openid","https://www.googleapis.com/auth/cloudplatformprojects.readonly","https://www.googleapis.com/auth/firebase","https://www.googleapis.com/auth/cloud-platform","https://www.googleapis.com/auth/userinfo.email"]
[debug] [2026-02-10T20:35:01.442Z] > authorizing via signed-in user (englishmuallim@gmail.com)
[error] Failed to fetch Firebase Project from Studio Workspace because WORKSPACE_SLUG environment variable is empty
[error] Failed to fetch Firebase Project from Studio Workspace because WORKSPACE_SLUG environment variable is empty
[error] Failed to fetch Firebase Project from Studio Workspace because WORKSPACE_SLUG environment variable is empty
[debug] [2026-02-10T20:35:01.476Z] > command requires scopes: ["email","openid","https://www.googleapis.com/auth/cloudplatformprojects.readonly","https://www.googleapis.com/auth/firebase","https://www.googleapis.com/auth/cloud-platform","https://www.googleapis.com/auth/userinfo.email"]
[debug] [2026-02-10T20:35:01.476Z] > authorizing via signed-in user (englishmuallim@gmail.com)
[error] Failed to fetch Firebase Project from Studio Workspace because WORKSPACE_SLUG environment variable is empty
[debug] [2026-02-10T20:35:01.478Z] > command requires scopes: ["email","openid","https://www.googleapis.com/auth/cloudplatformprojects.readonly","https://www.googleapis.com/auth/firebase","https://www.googleapis.com/auth/cloud-platform","https://www.googleapis.com/auth/userinfo.email"]
[debug] [2026-02-10T20:35:01.479Z] > authorizing via signed-in user (englishmuallim@gmail.com)
[error] Failed to fetch Firebase Project from Studio Workspace because WORKSPACE_SLUG environment variable is empty
[error] Failed to fetch Firebase Project from Studio Workspace because WORKSPACE_SLUG environment variable is empty
[error] Failed to fetch Firebase Project from Studio Workspace because WORKSPACE_SLUG environment variable is empty
[debug] [2026-02-10T20:35:01.485Z] > command requires scopes: ["email","openid","https://www.googleapis.com/auth/cloudplatformprojects.readonly","https://www.googleapis.com/auth/firebase","https://www.googleapis.com/auth/cloud-platform","https://www.googleapis.com/auth/userinfo.email"]
[debug] [2026-02-10T20:35:01.485Z] > authorizing via signed-in user (englishmuallim@gmail.com)
[error] Failed to fetch Firebase Project from Studio Workspace because WORKSPACE_SLUG environment variable is empty
[debug] [2026-02-10T20:35:01.487Z] > command requires scopes: ["email","openid","https://www.googleapis.com/auth/cloudplatformprojects.readonly","https://www.googleapis.com/auth/firebase","https://www.googleapis.com/auth/cloud-platform","https://www.googleapis.com/auth/userinfo.email"]
[debug] [2026-02-10T20:35:01.487Z] > authorizing via signed-in user (englishmuallim@gmail.com)
[error] Failed to fetch Firebase Project from Studio Workspace because WORKSPACE_SLUG environment variable is empty
[error] Failed to fetch Firebase Project from Studio Workspace because WORKSPACE_SLUG environment variable is empty
[error] Failed to fetch Firebase Project from Studio Workspace because WORKSPACE_SLUG environment variable is empty
[error] Failed to fetch Firebase Project from Studio Workspace because WORKSPACE_SLUG environment variable is empty
[debug] [2026-02-18T22:42:55.910Z] > command requires scopes: ["email","openid","https://www.googleapis.com/auth/cloudplatformprojects.readonly","https://www.googleapis.com/auth/firebase","https://www.googleapis.com/auth/cloud-platform","https://www.googleapis.com/auth/userinfo.email"]
[debug] [2026-02-18T22:42:55.912Z] > command requires scopes: ["email","openid","https://www.googleapis.com/auth/cloudplatformprojects.readonly","https://www.googleapis.com/auth/firebase","https://www.googleapis.com/auth/cloud-platform","https://www.googleapis.com/auth/userinfo.email"]
[error] Failed to fetch Firebase Project from Studio Workspace because WORKSPACE_SLUG environment variable is empty
[error] Failed to fetch Firebase Project from Studio Workspace because WORKSPACE_SLUG environment variable is empty
[error] Failed to fetch Firebase Project from Studio Workspace because WORKSPACE_SLUG environment variable is empty
[debug] [2026-02-18T22:43:13.282Z] > command requires scopes: ["email","openid","https://www.googleapis.com/auth/cloudplatformprojects.readonly","https://www.googleapis.com/auth/firebase","https://www.googleapis.com/auth/cloud-platform","https://www.googleapis.com/auth/userinfo.email"]
[error] Failed to fetch Firebase Project from Studio Workspace because WORKSPACE_SLUG environment variable is empty
[debug] [2026-02-18T22:43:18.732Z] > command requires scopes: ["email","openid","https://www.googleapis.com/auth/cloudplatformprojects.readonly","https://www.googleapis.com/auth/firebase","https://www.googleapis.com/auth/cloud-platform","https://www.googleapis.com/auth/userinfo.email"]
[error] Failed to fetch Firebase Project from Studio Workspace because WORKSPACE_SLUG environment variable is empty
[error] Failed to fetch Firebase Project from Studio Workspace because WORKSPACE_SLUG environment variable is empty
[error] Failed to fetch Firebase Project from Studio Workspace because WORKSPACE_SLUG environment variable is empty
[debug] [2026-02-18T22:43:18.775Z] > command requires scopes: ["email","openid","https://www.googleapis.com/auth/cloudplatformprojects.readonly","https://www.googleapis.com/auth/firebase","https://www.googleapis.com/auth/cloud-platform","https://www.googleapis.com/auth/userinfo.email"]
[error] Failed to fetch Firebase Project from Studio Workspace because WORKSPACE_SLUG environment variable is empty
[error] Failed to fetch Firebase Project from Studio Workspace because WORKSPACE_SLUG environment variable is empty
[error] Failed to fetch Firebase Project from Studio Workspace because WORKSPACE_SLUG environment variable is empty
[debug] [2026-02-18T22:43:18.801Z] > command requires scopes: ["email","openid","https://www.googleapis.com/auth/cloudplatformprojects.readonly","https://www.googleapis.com/auth/firebase","https://www.googleapis.com/auth/cloud-platform","https://www.googleapis.com/auth/userinfo.email"]
[error] Failed to fetch Firebase Project from Studio Workspace because WORKSPACE_SLUG environment variable is empty
[error] Failed to fetch Firebase Project from Studio Workspace because WORKSPACE_SLUG environment variable is empty
[debug] [2026-02-18T22:43:23.995Z] > command requires scopes: ["email","openid","https://www.googleapis.com/auth/cloudplatformprojects.readonly","https://www.googleapis.com/auth/firebase","https://www.googleapis.com/auth/cloud-platform","https://www.googleapis.com/auth/userinfo.email"]
[debug] [2026-02-18T22:43:23.995Z] > command requires scopes: ["email","openid","https://www.googleapis.com/auth/cloudplatformprojects.readonly","https://www.googleapis.com/auth/firebase","https://www.googleapis.com/auth/cloud-platform","https://www.googleapis.com/auth/userinfo.email"]
[error] Failed to fetch Firebase Project from Studio Workspace because WORKSPACE_SLUG environment variable is empty
[error] Failed to fetch Firebase Project from Studio Workspace because WORKSPACE_SLUG environment variable is empty
[error] Failed to fetch Firebase Project from Studio Workspace because WORKSPACE_SLUG environment variable is empty
[error] Failed to fetch Firebase Project from Studio Workspace because WORKSPACE_SLUG environment variable is empty
[debug] [2026-02-19T03:48:35.456Z] > command requires scopes: ["email","openid","https://www.googleapis.com/auth/cloudplatformprojects.readonly","https://www.googleapis.com/auth/firebase","https://www.googleapis.com/auth/cloud-platform","https://www.googleapis.com/auth/userinfo.email"]
[debug] [2026-02-19T03:48:35.462Z] > command requires scopes: ["email","openid","https://www.googleapis.com/auth/cloudplatformprojects.readonly","https://www.googleapis.com/auth/firebase","https://www.googleapis.com/auth/cloud-platform","https://www.googleapis.com/auth/userinfo.email"]
[debug] [2026-02-19T03:49:04.913Z] Running auto auth
[debug] [2026-02-19T03:49:04.914Z] Running auto auth
[error] Failed to fetch Firebase Project from Studio Workspace because WORKSPACE_SLUG environment variable is empty
[error] Failed to fetch Firebase Project from Studio Workspace because WORKSPACE_SLUG environment variable is empty
[error] Failed to fetch Firebase Project from Studio Workspace because WORKSPACE_SLUG environment variable is empty
[debug] [2026-02-19T03:49:05.090Z] > command requires scopes: ["email","openid","https://www.googleapis.com/auth/cloudplatformprojects.readonly","https://www.googleapis.com/auth/firebase","https://www.googleapis.com/auth/cloud-platform","https://www.googleapis.com/auth/userinfo.email"]
[debug] [2026-02-19T03:49:05.091Z] > authorizing via signed-in user (englishmuallim@gmail.com)
[error] Failed to fetch Firebase Project from Studio Workspace because WORKSPACE_SLUG environment variable is empty
[debug] [2026-02-19T03:49:05.097Z] > command requires scopes: ["email","openid","https://www.googleapis.com/auth/cloudplatformprojects.readonly","https://www.googleapis.com/auth/firebase","https://www.googleapis.com/auth/cloud-platform","https://www.googleapis.com/auth/userinfo.email"]
[debug] [2026-02-19T03:49:05.097Z] > authorizing via signed-in user (englishmuallim@gmail.com)
[error] Failed to fetch Firebase Project from Studio Workspace because WORKSPACE_SLUG environment variable is empty
[error] Failed to fetch Firebase Project from Studio Workspace because WORKSPACE_SLUG environment variable is empty
[error] Failed to fetch Firebase Project from Studio Workspace because WORKSPACE_SLUG environment variable is empty
[debug] [2026-02-19T03:49:05.121Z] > command requires scopes: ["email","openid","https://www.googleapis.com/auth/cloudplatformprojects.readonly","https://www.googleapis.com/auth/firebase","https://www.googleapis.com/auth/cloud-platform","https://www.googleapis.com/auth/userinfo.email"]
[debug] [2026-02-19T03:49:05.121Z] > authorizing via signed-in user (englishmuallim@gmail.com)
[error] Failed to fetch Firebase Project from Studio Workspace because WORKSPACE_SLUG environment variable is empty
[debug] [2026-02-19T03:49:05.125Z] > command requires scopes: ["email","openid","https://www.googleapis.com/auth/cloudplatformprojects.readonly","https://www.googleapis.com/auth/firebase","https://www.googleapis.com/auth/cloud-platform","https://www.googleapis.com/auth/userinfo.email"]
[debug] [2026-02-19T03:49:05.126Z] > authorizing via signed-in user (englishmuallim@gmail.com)
[error] Failed to fetch Firebase Project from Studio Workspace because WORKSPACE_SLUG environment variable is empty
[error] Failed to fetch Firebase Project from Studio Workspace because WORKSPACE_SLUG environment variable is empty
[error] Failed to fetch Firebase Project from Studio Workspace because WORKSPACE_SLUG environment variable is empty
[debug] [2026-02-19T03:49:05.156Z] > command requires scopes: ["email","openid","https://www.googleapis.com/auth/cloudplatformprojects.readonly","https://www.googleapis.com/auth/firebase","https://www.googleapis.com/auth/cloud-platform","https://www.googleapis.com/auth/userinfo.email"]
[debug] [2026-02-19T03:49:05.156Z] > authorizing via signed-in user (englishmuallim@gmail.com)
[error] Failed to fetch Firebase Project from Studio Workspace because WORKSPACE_SLUG environment variable is empty
[debug] [2026-02-19T03:49:05.158Z] > command requires scopes: ["email","openid","https://www.googleapis.com/auth/cloudplatformprojects.readonly","https://www.googleapis.com/auth/firebase","https://www.googleapis.com/auth/cloud-platform","https://www.googleapis.com/auth/userinfo.email"]
[debug] [2026-02-19T03:49:05.158Z] > authorizing via signed-in user (englishmuallim@gmail.com)
[error] Failed to fetch Firebase Project from Studio Workspace because WORKSPACE_SLUG environment variable is empty
[error] Failed to fetch Firebase Project from Studio Workspace because WORKSPACE_SLUG environment variable is empty
[error] Failed to fetch Firebase Project from Studio Workspace because WORKSPACE_SLUG environment variable is empty
[error] Failed to fetch Firebase Project from Studio Workspace because WORKSPACE_SLUG environment variable is empty
[debug] [2026-02-19T07:17:32.709Z] > command requires scopes: ["email","openid","https://www.googleapis.com/auth/cloudplatformprojects.readonly","https://www.googleapis.com/auth/firebase","https://www.googleapis.com/auth/cloud-platform","https://www.googleapis.com/auth/userinfo.email"]
[debug] [2026-02-19T07:17:32.715Z] > command requires scopes: ["email","openid","https://www.googleapis.com/auth/cloudplatformprojects.readonly","https://www.googleapis.com/auth/firebase","https://www.googleapis.com/auth/cloud-platform","https://www.googleapis.com/auth/userinfo.email"]
[error] Failed to fetch Firebase Project from Studio Workspace because WORKSPACE_SLUG environment variable is empty
[error] Failed to fetch Firebase Project from Studio Workspace because WORKSPACE_SLUG environment variable is empty
[error] Failed to fetch Firebase Project from Studio Workspace because WORKSPACE_SLUG environment variable is empty
[error] Failed to fetch Firebase Project from Studio Workspace because WORKSPACE_SLUG environment variable is empty
[debug] [2026-02-19T07:18:32.690Z] > command requires scopes: ["email","openid","https://www.googleapis.com/auth/cloudplatformprojects.readonly","https://www.googleapis.com/auth/firebase","https://www.googleapis.com/auth/cloud-platform","https://www.googleapis.com/auth/userinfo.email"]
[debug] [2026-02-19T07:18:32.691Z] > command requires scopes: ["email","openid","https://www.googleapis.com/auth/cloudplatformprojects.readonly","https://www.googleapis.com/auth/firebase","https://www.googleapis.com/auth/cloud-platform","https://www.googleapis.com/auth/userinfo.email"]
[debug] [2026-02-19T07:19:03.374Z] Running auto auth
[debug] [2026-02-19T07:19:03.375Z] Running auto auth
[debug] [2026-02-19T07:19:03.376Z] Running auto auth
[debug] [2026-02-19T07:19:03.376Z] Running auto auth
[error] Failed to fetch Firebase Project from Studio Workspace because WORKSPACE_SLUG environment variable is empty
[error] Failed to fetch Firebase Project from Studio Workspace because WORKSPACE_SLUG environment variable is empty
[error] Failed to fetch Firebase Project from Studio Workspace because WORKSPACE_SLUG environment variable is empty
[debug] [2026-02-19T07:19:03.580Z] > command requires scopes: ["email","openid","https://www.googleapis.com/auth/cloudplatformprojects.readonly","https://www.googleapis.com/auth/firebase","https://www.googleapis.com/auth/cloud-platform","https://www.googleapis.com/auth/userinfo.email"]
[debug] [2026-02-19T07:19:03.580Z] > authorizing via signed-in user (englishmuallim@gmail.com)
[error] Failed to fetch Firebase Project from Studio Workspace because WORKSPACE_SLUG environment variable is empty
[debug] [2026-02-19T07:19:03.582Z] > command requires scopes: ["email","openid","https://www.googleapis.com/auth/cloudplatformprojects.readonly","https://www.googleapis.com/auth/firebase","https://www.googleapis.com/auth/cloud-platform","https://www.googleapis.com/auth/userinfo.email"]
[debug] [2026-02-19T07:19:03.582Z] > authorizing via signed-in user (englishmuallim@gmail.com)
[error] Failed to fetch Firebase Project from Studio Workspace because WORKSPACE_SLUG environment variable is empty
[error] Failed to fetch Firebase Project from Studio Workspace because WORKSPACE_SLUG environment variable is empty
[error] Failed to fetch Firebase Project from Studio Workspace because WORKSPACE_SLUG environment variable is empty
[debug] [2026-02-19T07:19:03.588Z] > command requires scopes: ["email","openid","https://www.googleapis.com/auth/cloudplatformprojects.readonly","https://www.googleapis.com/auth/firebase","https://www.googleapis.com/auth/cloud-platform","https://www.googleapis.com/auth/userinfo.email"]
[debug] [2026-02-19T07:19:03.591Z] > authorizing via signed-in user (englishmuallim@gmail.com)
[error] Failed to fetch Firebase Project from Studio Workspace because WORKSPACE_SLUG environment variable is empty
[debug] [2026-02-19T07:19:03.593Z] > command requires scopes: ["email","openid","https://www.googleapis.com/auth/cloudplatformprojects.readonly","https://www.googleapis.com/auth/firebase","https://www.googleapis.com/auth/cloud-platform","https://www.googleapis.com/auth/userinfo.email"]
[debug] [2026-02-19T07:19:03.593Z] > authorizing via signed-in user (englishmuallim@gmail.com)
[error] Failed to fetch Firebase Project from Studio Workspace because WORKSPACE_SLUG environment variable is empty
[error] Failed to fetch Firebase Project from Studio Workspace because WORKSPACE_SLUG environment variable is empty
[error] Failed to fetch Firebase Project from Studio Workspace because WORKSPACE_SLUG environment variable is empty
[debug] [2026-02-19T07:19:03.609Z] > command requires scopes: ["email","openid","https://www.googleapis.com/auth/cloudplatformprojects.readonly","https://www.googleapis.com/auth/firebase","https://www.googleapis.com/auth/cloud-platform","https://www.googleapis.com/auth/userinfo.email"]
[debug] [2026-02-19T07:19:03.610Z] > authorizing via signed-in user (englishmuallim@gmail.com)
[error] Failed to fetch Firebase Project from Studio Workspace because WORKSPACE_SLUG environment variable is empty
[debug] [2026-02-19T07:19:03.622Z] > command requires scopes: ["email","openid","https://www.googleapis.com/auth/cloudplatformprojects.readonly","https://www.googleapis.com/auth/firebase","https://www.googleapis.com/auth/cloud-platform","https://www.googleapis.com/auth/userinfo.email"]
[debug] [2026-02-19T07:19:03.623Z] > authorizing via signed-in user (englishmuallim@gmail.com)
[error] Failed to fetch Firebase Project from Studio Workspace because WORKSPACE_SLUG environment variable is empty
[error] Failed to fetch Firebase Project from Studio Workspace because WORKSPACE_SLUG environment variable is empty
[error] Failed to fetch Firebase Project from Studio Workspace because WORKSPACE_SLUG environment variable is empty
[error] Failed to fetch Firebase Project from Studio Workspace because WORKSPACE_SLUG environment variable is empty
[debug] [2026-02-19T12:43:02.048Z] > command requires scopes: ["email","openid","https://www.googleapis.com/auth/cloudplatformprojects.readonly","https://www.googleapis.com/auth/firebase","https://www.googleapis.com/auth/cloud-platform","https://www.googleapis.com/auth/userinfo.email"]
[debug] [2026-02-19T12:43:02.052Z] > command requires scopes: ["email","openid","https://www.googleapis.com/auth/cloudplatformprojects.readonly","https://www.googleapis.com/auth/firebase","https://www.googleapis.com/auth/cloud-platform","https://www.googleapis.com/auth/userinfo.email"]
[debug] [2026-02-19T12:43:40.420Z] Running auto auth
[debug] [2026-02-19T12:43:40.421Z] Running auto auth
[error] Failed to fetch Firebase Project from Studio Workspace because WORKSPACE_SLUG environment variable is empty
[error] Failed to fetch Firebase Project from Studio Workspace because WORKSPACE_SLUG environment variable is empty
[error] Failed to fetch Firebase Project from Studio Workspace because WORKSPACE_SLUG environment variable is empty
[debug] [2026-02-19T12:43:40.556Z] > command requires scopes: ["email","openid","https://www.googleapis.com/auth/cloudplatformprojects.readonly","https://www.googleapis.com/auth/firebase","https://www.googleapis.com/auth/cloud-platform","https://www.googleapis.com/auth/userinfo.email"]
[debug] [2026-02-19T12:43:40.556Z] > authorizing via signed-in user (englishmuallim@gmail.com)
[error] Failed to fetch Firebase Project from Studio Workspace because WORKSPACE_SLUG environment variable is empty
[debug] [2026-02-19T12:43:40.563Z] > command requires scopes: ["email","openid","https://www.googleapis.com/auth/cloudplatformprojects.readonly","https://www.googleapis.com/auth/firebase","https://www.googleapis.com/auth/cloud-platform","https://www.googleapis.com/auth/userinfo.email"]
[debug] [2026-02-19T12:43:40.563Z] > authorizing via signed-in user (englishmuallim@gmail.com)
[error] Failed to fetch Firebase Project from Studio Workspace because WORKSPACE_SLUG environment variable is empty
[error] Failed to fetch Firebase Project from Studio Workspace because WORKSPACE_SLUG environment variable is empty
[error] Failed to fetch Firebase Project from Studio Workspace because WORKSPACE_SLUG environment variable is empty
[debug] [2026-02-19T12:43:40.600Z] > command requires scopes: ["email","openid","https://www.googleapis.com/auth/cloudplatformprojects.readonly","https://www.googleapis.com/auth/firebase","https://www.googleapis.com/auth/cloud-platform","https://www.googleapis.com/auth/userinfo.email"]
[debug] [2026-02-19T12:43:40.601Z] > authorizing via signed-in user (englishmuallim@gmail.com)
[error] Failed to fetch Firebase Project from Studio Workspace because WORKSPACE_SLUG environment variable is empty
[debug] [2026-02-19T12:43:40.616Z] > command requires scopes: ["email","openid","https://www.googleapis.com/auth/cloudplatformprojects.readonly","https://www.googleapis.com/auth/firebase","https://www.googleapis.com/auth/cloud-platform","https://www.googleapis.com/auth/userinfo.email"]
[debug] [2026-02-19T12:43:40.616Z] > authorizing via signed-in user (englishmuallim@gmail.com)
[error] Failed to fetch Firebase Project from Studio Workspace because WORKSPACE_SLUG environment variable is empty
[error] Failed to fetch Firebase Project from Studio Workspace because WORKSPACE_SLUG environment variable is empty
[error] Failed to fetch Firebase Project from Studio Workspace because WORKSPACE_SLUG environment variable is empty
[debug] [2026-02-19T12:43:40.628Z] > command requires scopes: ["email","openid","https://www.googleapis.com/auth/cloudplatformprojects.readonly","https://www.googleapis.com/auth/firebase","https://www.googleapis.com/auth/cloud-platform","https://www.googleapis.com/auth/userinfo.email"]
[debug] [2026-02-19T12:43:40.628Z] > authorizing via signed-in user (englishmuallim@gmail.com)
[error] Failed to fetch Firebase Project from Studio Workspace because WORKSPACE_SLUG environment variable is empty
[debug] [2026-02-19T12:43:40.630Z] > command requires scopes: ["email","openid","https://www.googleapis.com/auth/cloudplatformprojects.readonly","https://www.googleapis.com/auth/firebase","https://www.googleapis.com/auth/cloud-platform","https://www.googleapis.com/auth/userinfo.email"]
[debug] [2026-02-19T12:43:40.630Z] > authorizing via signed-in user (englishmuallim@gmail.com)
[error] Failed to fetch Firebase Project from Studio Workspace because WORKSPACE_SLUG environment variable is empty
[error] Failed to fetch Firebase Project from Studio Workspace because WORKSPACE_SLUG environment variable is empty
[error] Failed to fetch Firebase Project from Studio Workspace because WORKSPACE_SLUG environment variable is empty
[error] Failed to fetch Firebase Project from Studio Workspace because WORKSPACE_SLUG environment variable is empty
[debug] [2026-02-19T20:05:45.701Z] > command requires scopes: ["email","openid","https://www.googleapis.com/auth/cloudplatformprojects.readonly","https://www.googleapis.com/auth/firebase","https://www.googleapis.com/auth/cloud-platform","https://www.googleapis.com/auth/userinfo.email"]
[debug] [2026-02-19T20:05:45.704Z] > command requires scopes: ["email","openid","https://www.googleapis.com/auth/cloudplatformprojects.readonly","https://www.googleapis.com/auth/firebase","https://www.googleapis.com/auth/cloud-platform","https://www.googleapis.com/auth/userinfo.email"]
[error] Failed to fetch Firebase Project from Studio Workspace because WORKSPACE_SLUG environment variable is empty
[error] Failed to fetch Firebase Project from Studio Workspace because WORKSPACE_SLUG environment variable is empty
[error] Failed to fetch Firebase Project from Studio Workspace because WORKSPACE_SLUG environment variable is empty
[error] Failed to fetch Firebase Project from Studio Workspace because WORKSPACE_SLUG environment variable is empty
[debug] [2026-02-19T20:06:45.697Z] > command requires scopes: ["email","openid","https://www.googleapis.com/auth/cloudplatformprojects.readonly","https://www.googleapis.com/auth/firebase","https://www.googleapis.com/auth/cloud-platform","https://www.googleapis.com/auth/userinfo.email"]
[debug] [2026-02-19T20:06:45.701Z] > command requires scopes: ["email","openid","https://www.googleapis.com/auth/cloudplatformprojects.readonly","https://www.googleapis.com/auth/firebase","https://www.googleapis.com/auth/cloud-platform","https://www.googleapis.com/auth/userinfo.email"]
[error] Failed to fetch Firebase Project from Studio Workspace because WORKSPACE_SLUG environment variable is empty
[error] Failed to fetch Firebase Project from Studio Workspace because WORKSPACE_SLUG environment variable is empty
[error] Failed to fetch Firebase Project from Studio Workspace because WORKSPACE_SLUG environment variable is empty
[debug] [2026-02-19T20:08:32.406Z] > command requires scopes: ["email","openid","https://www.googleapis.com/auth/cloudplatformprojects.readonly","https://www.googleapis.com/auth/firebase","https://www.googleapis.com/auth/cloud-platform","https://www.googleapis.com/auth/userinfo.email"]
[error] Failed to fetch Firebase Project from Studio Workspace because WORKSPACE_SLUG environment variable is empty
[error] Failed to fetch Firebase Project from Studio Workspace because WORKSPACE_SLUG environment variable is empty
[error] Failed to fetch Firebase Project from Studio Workspace because WORKSPACE_SLUG environment variable is empty
[debug] [2026-02-19T20:08:32.421Z] > command requires scopes: ["email","openid","https://www.googleapis.com/auth/cloudplatformprojects.readonly","https://www.googleapis.com/auth/firebase","https://www.googleapis.com/auth/cloud-platform","https://www.googleapis.com/auth/userinfo.email"]
[error] Failed to fetch Firebase Project from Studio Workspace because WORKSPACE_SLUG environment variable is empty
[error] Failed to fetch Firebase Project from Studio Workspace because WORKSPACE_SLUG environment variable is empty
[error] Failed to fetch Firebase Project from Studio Workspace because WORKSPACE_SLUG environment variable is empty
[debug] [2026-02-19T20:08:32.429Z] > command requires scopes: ["email","openid","https://www.googleapis.com/auth/cloudplatformprojects.readonly","https://www.googleapis.com/auth/firebase","https://www.googleapis.com/auth/cloud-platform","https://www.googleapis.com/auth/userinfo.email"]
[error] Failed to fetch Firebase Project from Studio Workspace because WORKSPACE_SLUG environment variable is empty
[error] Failed to fetch Firebase Project from Studio Workspace because WORKSPACE_SLUG environment variable is empty
[error] Failed to fetch Firebase Project from Studio Workspace because WORKSPACE_SLUG environment variable is empty
[debug] [2026-02-19T20:10:34.624Z] > command requires scopes: ["email","openid","https://www.googleapis.com/auth/cloudplatformprojects.readonly","https://www.googleapis.com/auth/firebase","https://www.googleapis.com/auth/cloud-platform","https://www.googleapis.com/auth/userinfo.email"]
[debug] [2026-02-19T20:10:34.625Z] > command requires scopes: ["email","openid","https://www.googleapis.com/auth/cloudplatformprojects.readonly","https://www.googleapis.com/auth/firebase","https://www.googleapis.com/auth/cloud-platform","https://www.googleapis.com/auth/userinfo.email"]
[debug] [2026-02-19T20:10:34.625Z] > command requires scopes: ["email","openid","https://www.googleapis.com/auth/cloudplatformprojects.readonly","https://www.googleapis.com/auth/firebase","https://www.googleapis.com/auth/cloud-platform","https://www.googleapis.com/auth/userinfo.email"]
[error] Failed to fetch Firebase Project from Studio Workspace because WORKSPACE_SLUG environment variable is empty
[error] Failed to fetch Firebase Project from Studio Workspace because WORKSPACE_SLUG environment variable is empty
[debug] [2026-02-20T13:13:42.272Z] > command requires scopes: ["email","openid","https://www.googleapis.com/auth/cloudplatformprojects.readonly","https://www.googleapis.com/auth/firebase","https://www.googleapis.com/auth/cloud-platform","https://www.googleapis.com/auth/userinfo.email"]
[error] Failed to fetch Firebase Project from Studio Workspace because WORKSPACE_SLUG environment variable is empty
[error] Failed to fetch Firebase Project from Studio Workspace because WORKSPACE_SLUG environment variable is empty
[debug] [2026-02-20T13:13:42.296Z] > command requires scopes: ["email","openid","https://www.googleapis.com/auth/cloudplatformprojects.readonly","https://www.googleapis.com/auth/firebase","https://www.googleapis.com/auth/cloud-platform","https://www.googleapis.com/auth/userinfo.email"]
[error] Failed to fetch Firebase Project from Studio Workspace because WORKSPACE_SLUG environment variable is empty
[error] Failed to fetch Firebase Project from Studio Workspace because WORKSPACE_SLUG environment variable is empty
[error] Failed to fetch Firebase Project from Studio Workspace because WORKSPACE_SLUG environment variable is empty
[error] Failed to fetch Firebase Project from Studio Workspace because WORKSPACE_SLUG environment variable is empty
[debug] [2026-02-20T13:14:42.273Z] > command requires scopes: ["email","openid","https://www.googleapis.com/auth/cloudplatformprojects.readonly","https://www.googleapis.com/auth/firebase","https://www.googleapis.com/auth/cloud-platform","https://www.googleapis.com/auth/userinfo.email"]
[debug] [2026-02-20T13:14:42.276Z] > command requires scopes: ["email","openid","https://www.googleapis.com/auth/cloudplatformprojects.readonly","https://www.googleapis.com/auth/firebase","https://www.googleapis.com/auth/cloud-platform","https://www.googleapis.com/auth/userinfo.email"]
[error] Failed to fetch Firebase Project from Studio Workspace because WORKSPACE_SLUG environment variable is empty
[error] Failed to fetch Firebase Project from Studio Workspace because WORKSPACE_SLUG environment variable is empty
[error] Failed to fetch Firebase Project from Studio Workspace because WORKSPACE_SLUG environment variable is empty
[debug] [2026-02-20T13:16:25.364Z] > command requires scopes: ["email","openid","https://www.googleapis.com/auth/cloudplatformprojects.readonly","https://www.googleapis.com/auth/firebase","https://www.googleapis.com/auth/cloud-platform","https://www.googleapis.com/auth/userinfo.email"]
[error] Failed to fetch Firebase Project from Studio Workspace because WORKSPACE_SLUG environment variable is empty
[error] Failed to fetch Firebase Project from Studio Workspace because WORKSPACE_SLUG environment variable is empty
[error] Failed to fetch Firebase Project from Studio Workspace because WORKSPACE_SLUG environment variable is empty
[debug] [2026-02-20T13:16:25.384Z] > command requires scopes: ["email","openid","https://www.googleapis.com/auth/cloudplatformprojects.readonly","https://www.googleapis.com/auth/firebase","https://www.googleapis.com/auth/cloud-platform","https://www.googleapis.com/auth/userinfo.email"]
[error] Failed to fetch Firebase Project from Studio Workspace because WORKSPACE_SLUG environment variable is empty
[error] Failed to fetch Firebase Project from Studio Workspace because WORKSPACE_SLUG environment variable is empty
[error] Failed to fetch Firebase Project from Studio Workspace because WORKSPACE_SLUG environment variable is empty
[debug] [2026-02-20T13:16:25.392Z] > command requires scopes: ["email","openid","https://www.googleapis.com/auth/cloudplatformprojects.readonly","https://www.googleapis.com/auth/firebase","https://www.googleapis.com/auth/cloud-platform","https://www.googleapis.com/auth/userinfo.email"]
[debug] [2026-02-20T13:18:27.576Z] >>> [apiv2][query] POST https://developerknowledge.googleapis.com/mcp [none]
[debug] [2026-02-20T13:18:27.577Z] >>> [apiv2][body] POST https://developerknowledge.googleapis.com/mcp {"method":"tools/list","jsonrpc":"2.0","id":1}
[debug] [2026-02-20T13:18:27.682Z] >>> [apiv2][query] POST https://developerknowledge.googleapis.com/mcp [none]
[debug] [2026-02-20T13:18:27.682Z] >>> [apiv2][body] POST https://developerknowledge.googleapis.com/mcp {"method":"tools/list","jsonrpc":"2.0","id":1}
[error] Failed to fetch Firebase Project from Studio Workspace because WORKSPACE_SLUG environment variable is empty
[debug] [2026-02-20T13:18:27.690Z] > command requires scopes: ["email","openid","https://www.googleapis.com/auth/cloudplatformprojects.readonly","https://www.googleapis.com/auth/firebase","https://www.googleapis.com/auth/cloud-platform","https://www.googleapis.com/auth/userinfo.email"]
[debug] [2026-02-20T13:18:27.757Z] <<< [apiv2][status] POST https://developerknowledge.googleapis.com/mcp 200
[debug] [2026-02-20T13:18:27.758Z] <<< [apiv2][body] POST https://developerknowledge.googleapis.com/mcp {"id":1,"jsonrpc":"2.0","result":{"tools":[{"annotations":{"destructiveHint":false,"idempotentHint":true,"openWorldHint":false,"readOnlyHint":true},"description":"Use this tool to find documentation about Google developer products.\nThe documents contain official APIs, code snippets, release notes, best\npractices, guides, debugging info, and more. It covers the following\nproducts and domains:\n\n* Android: developer.android.com\n* Apigee: docs.apigee.com\n* Chrome: developer.chrome.com\n* Firebase: firebase.google.com\n* Fuchsia: fuchsia.dev\n* Google AI: ai.google.dev\n* Google Cloud: docs.cloud.google.com\n* Google Developers, Ads, Search, Google Maps, Youtube: developers.google.com\n* Google Home: developers.home.google.com\n* TensorFlow: www.tensorflow.org\n* Web: web.dev\n\nThis tool returns chunks of text, names, and URLs for matching documents.\nIf the returned chunks are not detailed enough to answer the\nuser's question, use `get_document` or `batch_get_documents` with the\n`parent` from this tool's output to retrieve the full document\ncontent.","inputSchema":{"description":"Request schema for search_documents. Use the query field to search for related Google developer documentation.","properties":{"query":{"description":"Required. The raw query string provided by the user, such as \"How to create a Cloud Storage bucket?\".","type":"string"}},"required":["query"],"type":"object"},"name":"search_documents","outputSchema":{"$defs":{"DocumentChunk":{"description":"A DocumentChunk represents a piece of content from a Document in the DeveloperKnowledge corpus. To fetch the entire document content, pass the `parent` to get_document or batch_get_documents.","properties":{"content":{"description":"Output only. The content of the document chunk.","readOnly":true,"type":"string"},"id":{"description":"Output only. The ID of this chunk within the document. The chunk ID is unique within a document, but not globally unique across documents. The chunk ID is not stable and may change over time.","readOnly":true,"type":"string"},"parent":{"description":"Output only. The resource name of the document this chunk is from. Format: `documents/{uri_without_scheme}` Example: `documents/docs.cloud.google.com/storage/docs/creating-buckets`","readOnly":true,"type":"string"}},"type":"object"}},"description":"Response schema for search_documents.","properties":{"results":{"description":"The search results for the given query. Each Document in this list contains a snippet of content relevant to the search query. Use the Document.name field of each result with get_document or batch_get_documents to retrieve the full document content.","items":{"$ref":"#/$defs/DocumentChunk"},"type":"array"}},"type":"object"}},{"annotations":{"destructiveHint":false,"idempotentHint":true,"openWorldHint":false,"readOnlyHint":true},"description":"Use this tool to retrieve the full content of a single document. The\ndocument name should be obtained from the `parent` field of results from a\ncall to the `search_documents` tool. If you need to retrieve multiple\ndocuments, use `batch_get_documents` instead.","inputSchema":{"description":"Request schema for get_document.","properties":{"name":{"description":"Required. The name of the document to retrieve. Format: `documents/{uri_without_scheme}` Example: `documents/docs.cloud.google.com/storage/docs/creating-buckets`","type":"string"}},"required":["name"],"type":"object"},"name":"get_document","outputSchema":{"description":"A Document represents a piece of content from the Developer Knowledge corpus.","properties":{"content":{"description":"Output only. The content of the document in Markdown format. If this document is returned by search_documents, this field contains a snippet of text relevant to the search query. If this document is returned by get_document or batch_get_documents, this field contains the full document content.","readOnly":true,"type":"string"},"description":{"description":"Output only. A description of the document.","readOnly":true,"type":"string"},"name":{"description":"Identifier. The resource name of the document. Format: `documents/{uri_without_scheme}` Example: `documents/docs.cloud.google.com/storage/docs/creating-buckets`","type":"string","x-google-identifier":true},"uri":{"description":"Output only. The URI of the content, such as `https://cloud.google.com/storage/docs/creating-buckets`.","readOnly":true,"type":"string"}},"type":"object"}},{"annotations":{"destructiveHint":false,"idempotentHint":true,"openWorldHint":false,"readOnlyHint":true},"description":"Use this tool to retrieve the full content of up to 20 documents in a\nsingle call. The document names should be obtained from the `parent` field\nof results from a call to the `search_documents` tool. Use this tool\ninstead of calling `get_document` multiple times to fetch multiple\ndocuments.","inputSchema":{"description":"Request schema for batch_get_documents.","properties":{"names":{"description":"Required. The names of the documents to retrieve, as returned by search_documents. A maximum of 20 documents can be retrieved in a batch. The documents are returned in the same order as the `names` in the request. Format: `documents/{uri_without_scheme}` Example: `documents/docs.cloud.google.com/storage/docs/creating-buckets`","items":{"type":"string"},"type":"array"}},"required":["names"],"type":"object"},"name":"batch_get_documents","outputSchema":{"$defs":{"Document":{"description":"A Document represents a piece of content from the Developer Knowledge corpus.","properties":{"content":{"description":"Output only. The content of the document in Markdown format. If this document is returned by search_documents, this field contains a snippet of text relevant to the search query. If this document is returned by get_document or batch_get_documents, this field contains the full document content.","readOnly":true,"type":"string"},"description":{"description":"Output only. A description of the document.","readOnly":true,"type":"string"},"name":{"description":"Identifier. The resource name of the document. Format: `documents/{uri_without_scheme}` Example: `documents/docs.cloud.google.com/storage/docs/creating-buckets`","type":"string","x-google-identifier":true},"uri":{"description":"Output only. The URI of the content, such as `https://cloud.google.com/storage/docs/creating-buckets`.","readOnly":true,"type":"string"}},"type":"object"}},"description":"Response schema for batch_get_documents.","properties":{"documents":{"description":"Documents requested.","items":{"$ref":"#/$defs/Document"},"type":"array"}},"type":"object"}}]}}
[error] Failed to fetch Firebase Project from Studio Workspace because WORKSPACE_SLUG environment variable is empty
[debug] [2026-02-20T13:18:27.777Z] > command requires scopes: ["email","openid","https://www.googleapis.com/auth/cloudplatformprojects.readonly","https://www.googleapis.com/auth/firebase","https://www.googleapis.com/auth/cloud-platform","https://www.googleapis.com/auth/userinfo.email"]
[debug] [2026-02-20T13:18:27.786Z] <<< [apiv2][status] POST https://developerknowledge.googleapis.com/mcp 200
[debug] [2026-02-20T13:18:27.787Z] <<< [apiv2][body] POST https://developerknowledge.googleapis.com/mcp {"id":1,"jsonrpc":"2.0","result":{"tools":[{"annotations":{"destructiveHint":false,"idempotentHint":true,"openWorldHint":false,"readOnlyHint":true},"description":"Use this tool to find documentation about Google developer products.\nThe documents contain official APIs, code snippets, release notes, best\npractices, guides, debugging info, and more. It covers the following\nproducts and domains:\n\n* Android: developer.android.com\n* Apigee: docs.apigee.com\n* Chrome: developer.chrome.com\n* Firebase: firebase.google.com\n* Fuchsia: fuchsia.dev\n* Google AI: ai.google.dev\n* Google Cloud: docs.cloud.google.com\n* Google Developers, Ads, Search, Google Maps, Youtube: developers.google.com\n* Google Home: developers.home.google.com\n* TensorFlow: www.tensorflow.org\n* Web: web.dev\n\nThis tool returns chunks of text, names, and URLs for matching documents.\nIf the returned chunks are not detailed enough to answer the\nuser's question, use `get_document` or `batch_get_documents` with the\n`parent` from this tool's output to retrieve the full document\ncontent.","inputSchema":{"description":"Request schema for search_documents. Use the query field to search for related Google developer documentation.","properties":{"query":{"description":"Required. The raw query string provided by the user, such as \"How to create a Cloud Storage bucket?\".","type":"string"}},"required":["query"],"type":"object"},"name":"search_documents","outputSchema":{"$defs":{"DocumentChunk":{"description":"A DocumentChunk represents a piece of content from a Document in the DeveloperKnowledge corpus. To fetch the entire document content, pass the `parent` to get_document or batch_get_documents.","properties":{"content":{"description":"Output only. The content of the document chunk.","readOnly":true,"type":"string"},"id":{"description":"Output only. The ID of this chunk within the document. The chunk ID is unique within a document, but not globally unique across documents. The chunk ID is not stable and may change over time.","readOnly":true,"type":"string"},"parent":{"description":"Output only. The resource name of the document this chunk is from. Format: `documents/{uri_without_scheme}` Example: `documents/docs.cloud.google.com/storage/docs/creating-buckets`","readOnly":true,"type":"string"}},"type":"object"}},"description":"Response schema for search_documents.","properties":{"results":{"description":"The search results for the given query. Each Document in this list contains a snippet of content relevant to the search query. Use the Document.name field of each result with get_document or batch_get_documents to retrieve the full document content.","items":{"$ref":"#/$defs/DocumentChunk"},"type":"array"}},"type":"object"}},{"annotations":{"destructiveHint":false,"idempotentHint":true,"openWorldHint":false,"readOnlyHint":true},"description":"Use this tool to retrieve the full content of a single document. The\ndocument name should be obtained from the `parent` field of results from a\ncall to the `search_documents` tool. If you need to retrieve multiple\ndocuments, use `batch_get_documents` instead.","inputSchema":{"description":"Request schema for get_document.","properties":{"name":{"description":"Required. The name of the document to retrieve. Format: `documents/{uri_without_scheme}` Example: `documents/docs.cloud.google.com/storage/docs/creating-buckets`","type":"string"}},"required":["name"],"type":"object"},"name":"get_document","outputSchema":{"description":"A Document represents a piece of content from the Developer Knowledge corpus.","properties":{"content":{"description":"Output only. The content of the document in Markdown format. If this document is returned by search_documents, this field contains a snippet of text relevant to the search query. If this document is returned by get_document or batch_get_documents, this field contains the full document content.","readOnly":true,"type":"string"},"description":{"description":"Output only. A description of the document.","readOnly":true,"type":"string"},"name":{"description":"Identifier. The resource name of the document. Format: `documents/{uri_without_scheme}` Example: `documents/docs.cloud.google.com/storage/docs/creating-buckets`","type":"string","x-google-identifier":true},"uri":{"description":"Output only. The URI of the content, such as `https://cloud.google.com/storage/docs/creating-buckets`.","readOnly":true,"type":"string"}},"type":"object"}},{"annotations":{"destructiveHint":false,"idempotentHint":true,"openWorldHint":false,"readOnlyHint":true},"description":"Use this tool to retrieve the full content of up to 20 documents in a\nsingle call. The document names should be obtained from the `parent` field\nof results from a call to the `search_documents` tool. Use this tool\ninstead of calling `get_document` multiple times to fetch multiple\ndocuments.","inputSchema":{"description":"Request schema for batch_get_documents.","properties":{"names":{"description":"Required. The names of the documents to retrieve, as returned by search_documents. A maximum of 20 documents can be retrieved in a batch. The documents are returned in the same order as the `names` in the request. Format: `documents/{uri_without_scheme}` Example: `documents/docs.cloud.google.com/storage/docs/creating-buckets`","items":{"type":"string"},"type":"array"}},"required":["names"],"type":"object"},"name":"batch_get_documents","outputSchema":{"$defs":{"Document":{"description":"A Document represents a piece of content from the Developer Knowledge corpus.","properties":{"content":{"description":"Output only. The content of the document in Markdown format. If this document is returned by search_documents, this field contains a snippet of text relevant to the search query. If this document is returned by get_document or batch_get_documents, this field contains the full document content.","readOnly":true,"type":"string"},"description":{"description":"Output only. A description of the document.","readOnly":true,"type":"string"},"name":{"description":"Identifier. The resource name of the document. Format: `documents/{uri_without_scheme}` Example: `documents/docs.cloud.google.com/storage/docs/creating-buckets`","type":"string","x-google-identifier":true},"uri":{"description":"Output only. The URI of the content, such as `https://cloud.google.com/storage/docs/creating-buckets`.","readOnly":true,"type":"string"}},"type":"object"}},"description":"Response schema for batch_get_documents.","properties":{"documents":{"description":"Documents requested.","items":{"$ref":"#/$defs/Document"},"type":"array"}},"type":"object"}}]}}
[error] Failed to fetch Firebase Project from Studio Workspace because WORKSPACE_SLUG environment variable is empty
[debug] [2026-02-20T13:18:27.792Z] > command requires scopes: ["email","openid","https://www.googleapis.com/auth/cloudplatformprojects.readonly","https://www.googleapis.com/auth/firebase","https://www.googleapis.com/auth/cloud-platform","https://www.googleapis.com/auth/userinfo.email"]
[error] Failed to fetch Firebase Project from Studio Workspace because WORKSPACE_SLUG environment variable is empty
[error] Failed to fetch Firebase Project from Studio Workspace because WORKSPACE_SLUG environment variable is empty
[error] Failed to fetch Firebase Project from Studio Workspace because WORKSPACE_SLUG environment variable is empty
[error] Failed to fetch Firebase Project from Studio Workspace because WORKSPACE_SLUG environment variable is empty
[debug] [2026-02-20T22:10:12.256Z] > command requires scopes: ["email","openid","https://www.googleapis.com/auth/cloudplatformprojects.readonly","https://www.googleapis.com/auth/firebase","https://www.googleapis.com/auth/cloud-platform","https://www.googleapis.com/auth/userinfo.email"]
[debug] [2026-02-20T22:10:12.259Z] > command requires scopes: ["email","openid","https://www.googleapis.com/auth/cloudplatformprojects.readonly","https://www.googleapis.com/auth/firebase","https://www.googleapis.com/auth/cloud-platform","https://www.googleapis.com/auth/userinfo.email"]
[error] Failed to fetch Firebase Project from Studio Workspace because WORKSPACE_SLUG environment variable is empty
[error] Failed to fetch Firebase Project from Studio Workspace because WORKSPACE_SLUG environment variable is empty
[error] Failed to fetch Firebase Project from Studio Workspace because WORKSPACE_SLUG environment variable is empty
[error] Failed to fetch Firebase Project from Studio Workspace because WORKSPACE_SLUG environment variable is empty
[debug] [2026-02-20T22:11:12.205Z] > command requires scopes: ["email","openid","https://www.googleapis.com/auth/cloudplatformprojects.readonly","https://www.googleapis.com/auth/firebase","https://www.googleapis.com/auth/cloud-platform","https://www.googleapis.com/auth/userinfo.email"]
[debug] [2026-02-20T22:11:12.206Z] > command requires scopes: ["email","openid","https://www.googleapis.com/auth/cloudplatformprojects.readonly","https://www.googleapis.com/auth/firebase","https://www.googleapis.com/auth/cloud-platform","https://www.googleapis.com/auth/userinfo.email"]
[error] Failed to fetch Firebase Project from Studio Workspace because WORKSPACE_SLUG environment variable is empty
[error] Failed to fetch Firebase Project from Studio Workspace because WORKSPACE_SLUG environment variable is empty
[error] Failed to fetch Firebase Project from Studio Workspace because WORKSPACE_SLUG environment variable is empty
[debug] [2026-02-20T22:11:23.560Z] > command requires scopes: ["email","openid","https://www.googleapis.com/auth/cloudplatformprojects.readonly","https://www.googleapis.com/auth/firebase","https://www.googleapis.com/auth/cloud-platform","https://www.googleapis.com/auth/userinfo.email"]
[error] Failed to fetch Firebase Project from Studio Workspace because WORKSPACE_SLUG environment variable is empty
[error] Failed to fetch Firebase Project from Studio Workspace because WORKSPACE_SLUG environment variable is empty
[error] Failed to fetch Firebase Project from Studio Workspace because WORKSPACE_SLUG environment variable is empty
[debug] [2026-02-20T22:11:23.579Z] > command requires scopes: ["email","openid","https://www.googleapis.com/auth/cloudplatformprojects.readonly","https://www.googleapis.com/auth/firebase","https://www.googleapis.com/auth/cloud-platform","https://www.googleapis.com/auth/userinfo.email"]
[error] Failed to fetch Firebase Project from Studio Workspace because WORKSPACE_SLUG environment variable is empty
[error] Failed to fetch Firebase Project from Studio Workspace because WORKSPACE_SLUG environment variable is empty
[error] Failed to fetch Firebase Project from Studio Workspace because WORKSPACE_SLUG environment variable is empty
[debug] [2026-02-20T22:11:23.582Z] > command requires scopes: ["email","openid","https://www.googleapis.com/auth/cloudplatformprojects.readonly","https://www.googleapis.com/auth/firebase","https://www.googleapis.com/auth/cloud-platform","https://www.googleapis.com/auth/userinfo.email"]
[debug] [2026-02-20T22:11:25.718Z] >>> [apiv2][query] POST https://developerknowledge.googleapis.com/mcp [none]
[debug] [2026-02-20T22:11:25.718Z] >>> [apiv2][body] POST https://developerknowledge.googleapis.com/mcp {"method":"tools/list","jsonrpc":"2.0","id":1}
[debug] [2026-02-20T22:11:25.824Z] >>> [apiv2][query] POST https://developerknowledge.googleapis.com/mcp [none]
[debug] [2026-02-20T22:11:25.824Z] >>> [apiv2][body] POST https://developerknowledge.googleapis.com/mcp {"method":"tools/list","jsonrpc":"2.0","id":1}
[error] Failed to fetch Firebase Project from Studio Workspace because WORKSPACE_SLUG environment variable is empty
[debug] [2026-02-20T22:11:25.834Z] > command requires scopes: ["email","openid","https://www.googleapis.com/auth/cloudplatformprojects.readonly","https://www.googleapis.com/auth/firebase","https://www.googleapis.com/auth/cloud-platform","https://www.googleapis.com/auth/userinfo.email"]
[debug] [2026-02-20T22:11:25.904Z] <<< [apiv2][status] POST https://developerknowledge.googleapis.com/mcp 200
[debug] [2026-02-20T22:11:25.911Z] <<< [apiv2][body] POST https://developerknowledge.googleapis.com/mcp {"id":1,"jsonrpc":"2.0","result":{"tools":[{"annotations":{"destructiveHint":false,"idempotentHint":true,"openWorldHint":false,"readOnlyHint":true},"description":"Use this tool to find documentation about Google developer products.\nThe documents contain official APIs, code snippets, release notes, best\npractices, guides, debugging info, and more. It covers the following\nproducts and domains:\n\n* Android: developer.android.com\n* Apigee: docs.apigee.com\n* Chrome: developer.chrome.com\n* Firebase: firebase.google.com\n* Fuchsia: fuchsia.dev\n* Google AI: ai.google.dev\n* Google Cloud: docs.cloud.google.com\n* Google Developers, Ads, Search, Google Maps, Youtube: developers.google.com\n* Google Home: developers.home.google.com\n* TensorFlow: www.tensorflow.org\n* Web: web.dev\n\nThis tool returns chunks of text, names, and URLs for matching documents.\nIf the returned chunks are not detailed enough to answer the\nuser's question, use `get_document` or `batch_get_documents` with the\n`parent` from this tool's output to retrieve the full document\ncontent.","inputSchema":{"description":"Request schema for search_documents. Use the query field to search for related Google developer documentation.","properties":{"query":{"description":"Required. The raw query string provided by the user, such as \"How to create a Cloud Storage bucket?\".","type":"string"}},"required":["query"],"type":"object"},"name":"search_documents","outputSchema":{"$defs":{"DocumentChunk":{"description":"A DocumentChunk represents a piece of content from a Document in the DeveloperKnowledge corpus. To fetch the entire document content, pass the `parent` to get_document or batch_get_documents.","properties":{"content":{"description":"Output only. The content of the document chunk.","readOnly":true,"type":"string"},"id":{"description":"Output only. The ID of this chunk within the document. The chunk ID is unique within a document, but not globally unique across documents. The chunk ID is not stable and may change over time.","readOnly":true,"type":"string"},"parent":{"description":"Output only. The resource name of the document this chunk is from. Format: `documents/{uri_without_scheme}` Example: `documents/docs.cloud.google.com/storage/docs/creating-buckets`","readOnly":true,"type":"string"}},"type":"object"}},"description":"Response schema for search_documents.","properties":{"results":{"description":"The search results for the given query. Each Document in this list contains a snippet of content relevant to the search query. Use the Document.name field of each result with get_document or batch_get_documents to retrieve the full document content.","items":{"$ref":"#/$defs/DocumentChunk"},"type":"array"}},"type":"object"}},{"annotations":{"destructiveHint":false,"idempotentHint":true,"openWorldHint":false,"readOnlyHint":true},"description":"Use this tool to retrieve the full content of a single document. The\ndocument name should be obtained from the `parent` field of results from a\ncall to the `search_documents` tool. If you need to retrieve multiple\ndocuments, use `batch_get_documents` instead.","inputSchema":{"description":"Request schema for get_document.","properties":{"name":{"description":"Required. The name of the document to retrieve. Format: `documents/{uri_without_scheme}` Example: `documents/docs.cloud.google.com/storage/docs/creating-buckets`","type":"string"}},"required":["name"],"type":"object"},"name":"get_document","outputSchema":{"description":"A Document represents a piece of content from the Developer Knowledge corpus.","properties":{"content":{"description":"Output only. The content of the document in Markdown format. If this document is returned by search_documents, this field contains a snippet of text relevant to the search query. If this document is returned by get_document or batch_get_documents, this field contains the full document content.","readOnly":true,"type":"string"},"description":{"description":"Output only. A description of the document.","readOnly":true,"type":"string"},"name":{"description":"Identifier. The resource name of the document. Format: `documents/{uri_without_scheme}` Example: `documents/docs.cloud.google.com/storage/docs/creating-buckets`","type":"string","x-google-identifier":true},"uri":{"description":"Output only. The URI of the content, such as `https://cloud.google.com/storage/docs/creating-buckets`.","readOnly":true,"type":"string"}},"type":"object"}},{"annotations":{"destructiveHint":false,"idempotentHint":true,"openWorldHint":false,"readOnlyHint":true},"description":"Use this tool to retrieve the full content of up to 20 documents in a\nsingle call. The document names should be obtained from the `parent` field\nof results from a call to the `search_documents` tool. Use this tool\ninstead of calling `get_document` multiple times to fetch multiple\ndocuments.","inputSchema":{"description":"Request schema for batch_get_documents.","properties":{"names":{"description":"Required. The names of the documents to retrieve, as returned by search_documents. A maximum of 20 documents can be retrieved in a batch. The documents are returned in the same order as the `names` in the request. Format: `documents/{uri_without_scheme}` Example: `documents/docs.cloud.google.com/storage/docs/creating-buckets`","items":{"type":"string"},"type":"array"}},"required":["names"],"type":"object"},"name":"batch_get_documents","outputSchema":{"$defs":{"Document":{"description":"A Document represents a piece of content from the Developer Knowledge corpus.","properties":{"content":{"description":"Output only. The content of the document in Markdown format. If this document is returned by search_documents, this field contains a snippet of text relevant to the search query. If this document is returned by get_document or batch_get_documents, this field contains the full document content.","readOnly":true,"type":"string"},"description":{"description":"Output only. A description of the document.","readOnly":true,"type":"string"},"name":{"description":"Identifier. The resource name of the document. Format: `documents/{uri_without_scheme}` Example: `documents/docs.cloud.google.com/storage/docs/creating-buckets`","type":"string","x-google-identifier":true},"uri":{"description":"Output only. The URI of the content, such as `https://cloud.google.com/storage/docs/creating-buckets`.","readOnly":true,"type":"string"}},"type":"object"}},"description":"Response schema for batch_get_documents.","properties":{"documents":{"description":"Documents requested.","items":{"$ref":"#/$defs/Document"},"type":"array"}},"type":"object"}}]}}
[error] Failed to fetch Firebase Project from Studio Workspace because WORKSPACE_SLUG environment variable is empty
[debug] [2026-02-20T22:11:25.931Z] > command requires scopes: ["email","openid","https://www.googleapis.com/auth/cloudplatformprojects.readonly","https://www.googleapis.com/auth/firebase","https://www.googleapis.com/auth/cloud-platform","https://www.googleapis.com/auth/userinfo.email"]
[debug] [2026-02-20T22:11:25.943Z] <<< [apiv2][status] POST https://developerknowledge.googleapis.com/mcp 200
[debug] [2026-02-20T22:11:25.943Z] <<< [apiv2][body] POST https://developerknowledge.googleapis.com/mcp {"id":1,"jsonrpc":"2.0","result":{"tools":[{"annotations":{"destructiveHint":false,"idempotentHint":true,"openWorldHint":false,"readOnlyHint":true},"description":"Use this tool to find documentation about Google developer products.\nThe documents contain official APIs, code snippets, release notes, best\npractices, guides, debugging info, and more. It covers the following\nproducts and domains:\n\n* Android: developer.android.com\n* Apigee: docs.apigee.com\n* Chrome: developer.chrome.com\n* Firebase: firebase.google.com\n* Fuchsia: fuchsia.dev\n* Google AI: ai.google.dev\n* Google Cloud: docs.cloud.google.com\n* Google Developers, Ads, Search, Google Maps, Youtube: developers.google.com\n* Google Home: developers.home.google.com\n* TensorFlow: www.tensorflow.org\n* Web: web.dev\n\nThis tool returns chunks of text, names, and URLs for matching documents.\nIf the returned chunks are not detailed enough to answer the\nuser's question, use `get_document` or `batch_get_documents` with the\n`parent` from this tool's output to retrieve the full document\ncontent.","inputSchema":{"description":"Request schema for search_documents. Use the query field to search for related Google developer documentation.","properties":{"query":{"description":"Required. The raw query string provided by the user, such as \"How to create a Cloud Storage bucket?\".","type":"string"}},"required":["query"],"type":"object"},"name":"search_documents","outputSchema":{"$defs":{"DocumentChunk":{"description":"A DocumentChunk represents a piece of content from a Document in the DeveloperKnowledge corpus. To fetch the entire document content, pass the `parent` to get_document or batch_get_documents.","properties":{"content":{"description":"Output only. The content of the document chunk.","readOnly":true,"type":"string"},"id":{"description":"Output only. The ID of this chunk within the document. The chunk ID is unique within a document, but not globally unique across documents. The chunk ID is not stable and may change over time.","readOnly":true,"type":"string"},"parent":{"description":"Output only. The resource name of the document this chunk is from. Format: `documents/{uri_without_scheme}` Example: `documents/docs.cloud.google.com/storage/docs/creating-buckets`","readOnly":true,"type":"string"}},"type":"object"}},"description":"Response schema for search_documents.","properties":{"results":{"description":"The search results for the given query. Each Document in this list contains a snippet of content relevant to the search query. Use the Document.name field of each result with get_document or batch_get_documents to retrieve the full document content.","items":{"$ref":"#/$defs/DocumentChunk"},"type":"array"}},"type":"object"}},{"annotations":{"destructiveHint":false,"idempotentHint":true,"openWorldHint":false,"readOnlyHint":true},"description":"Use this tool to retrieve the full content of a single document. The\ndocument name should be obtained from the `parent` field of results from a\ncall to the `search_documents` tool. If you need to retrieve multiple\ndocuments, use `batch_get_documents` instead.","inputSchema":{"description":"Request schema for get_document.","properties":{"name":{"description":"Required. The name of the document to retrieve. Format: `documents/{uri_without_scheme}` Example: `documents/docs.cloud.google.com/storage/docs/creating-buckets`","type":"string"}},"required":["name"],"type":"object"},"name":"get_document","outputSchema":{"description":"A Document represents a piece of content from the Developer Knowledge corpus.","properties":{"content":{"description":"Output only. The content of the document in Markdown format. If this document is returned by search_documents, this field contains a snippet of text relevant to the search query. If this document is returned by get_document or batch_get_documents, this field contains the full document content.","readOnly":true,"type":"string"},"description":{"description":"Output only. A description of the document.","readOnly":true,"type":"string"},"name":{"description":"Identifier. The resource name of the document. Format: `documents/{uri_without_scheme}` Example: `documents/docs.cloud.google.com/storage/docs/creating-buckets`","type":"string","x-google-identifier":true},"uri":{"description":"Output only. The URI of the content, such as `https://cloud.google.com/storage/docs/creating-buckets`.","readOnly":true,"type":"string"}},"type":"object"}},{"annotations":{"destructiveHint":false,"idempotentHint":true,"openWorldHint":false,"readOnlyHint":true},"description":"Use this tool to retrieve the full content of up to 20 documents in a\nsingle call. The document names should be obtained from the `parent` field\nof results from a call to the `search_documents` tool. Use this tool\ninstead of calling `get_document` multiple times to fetch multiple\ndocuments.","inputSchema":{"description":"Request schema for batch_get_documents.","properties":{"names":{"description":"Required. The names of the documents to retrieve, as returned by search_documents. A maximum of 20 documents can be retrieved in a batch. The documents are returned in the same order as the `names` in the request. Format: `documents/{uri_without_scheme}` Example: `documents/docs.cloud.google.com/storage/docs/creating-buckets`","items":{"type":"string"},"type":"array"}},"required":["names"],"type":"object"},"name":"batch_get_documents","outputSchema":{"$defs":{"Document":{"description":"A Document represents a piece of content from the Developer Knowledge corpus.","properties":{"content":{"description":"Output only. The content of the document in Markdown format. If this document is returned by search_documents, this field contains a snippet of text relevant to the search query. If this document is returned by get_document or batch_get_documents, this field contains the full document content.","readOnly":true,"type":"string"},"description":{"description":"Output only. A description of the document.","readOnly":true,"type":"string"},"name":{"description":"Identifier. The resource name of the document. Format: `documents/{uri_without_scheme}` Example: `documents/docs.cloud.google.com/storage/docs/creating-buckets`","type":"string","x-google-identifier":true},"uri":{"description":"Output only. The URI of the content, such as `https://cloud.google.com/storage/docs/creating-buckets`.","readOnly":true,"type":"string"}},"type":"object"}},"description":"Response schema for batch_get_documents.","properties":{"documents":{"description":"Documents requested.","items":{"$ref":"#/$defs/Document"},"type":"array"}},"type":"object"}}]}}
[error] Failed to fetch Firebase Project from Studio Workspace because WORKSPACE_SLUG environment variable is empty
[debug] [2026-02-20T22:11:25.953Z] > command requires scopes: ["email","openid","https://www.googleapis.com/auth/cloudplatformprojects.readonly","https://www.googleapis.com/auth/firebase","https://www.googleapis.com/auth/cloud-platform","https://www.googleapis.com/auth/userinfo.email"]
[error] Failed to fetch Firebase Project from Studio Workspace because WORKSPACE_SLUG environment variable is empty
[error] Failed to fetch Firebase Project from Studio Workspace because WORKSPACE_SLUG environment variable is empty
[error] Failed to fetch Firebase Project from Studio Workspace because WORKSPACE_SLUG environment variable is empty
[error] Failed to fetch Firebase Project from Studio Workspace because WORKSPACE_SLUG environment variable is empty
[debug] [2026-02-21T20:40:12.394Z] > command requires scopes: ["email","openid","https://www.googleapis.com/auth/cloudplatformprojects.readonly","https://www.googleapis.com/auth/firebase","https://www.googleapis.com/auth/cloud-platform","https://www.googleapis.com/auth/userinfo.email"]
[debug] [2026-02-21T20:40:12.397Z] > command requires scopes: ["email","openid","https://www.googleapis.com/auth/cloudplatformprojects.readonly","https://www.googleapis.com/auth/firebase","https://www.googleapis.com/auth/cloud-platform","https://www.googleapis.com/auth/userinfo.email"]
[error] Failed to fetch Firebase Project from Studio Workspace because WORKSPACE_SLUG environment variable is empty
[error] Failed to fetch Firebase Project from Studio Workspace because WORKSPACE_SLUG environment variable is empty
[error] Failed to fetch Firebase Project from Studio Workspace because WORKSPACE_SLUG environment variable is empty
[error] Failed to fetch Firebase Project from Studio Workspace because WORKSPACE_SLUG environment variable is empty
[debug] [2026-02-21T20:41:12.378Z] > command requires scopes: ["email","openid","https://www.googleapis.com/auth/cloudplatformprojects.readonly","https://www.googleapis.com/auth/firebase","https://www.googleapis.com/auth/cloud-platform","https://www.googleapis.com/auth/userinfo.email"]
[debug] [2026-02-21T20:41:12.383Z] > command requires scopes: ["email","openid","https://www.googleapis.com/auth/cloudplatformprojects.readonly","https://www.googleapis.com/auth/firebase","https://www.googleapis.com/auth/cloud-platform","https://www.googleapis.com/auth/userinfo.email"]
[debug] [2026-02-21T20:41:50.551Z] Running auto auth
[debug] [2026-02-21T20:41:50.552Z] Running auto auth
[debug] [2026-02-21T20:41:50.553Z] Running auto auth
[debug] [2026-02-21T20:41:50.553Z] Running auto auth
[error] Failed to fetch Firebase Project from Studio Workspace because WORKSPACE_SLUG environment variable is empty
[error] Failed to fetch Firebase Project from Studio Workspace because WORKSPACE_SLUG environment variable is empty
[error] Failed to fetch Firebase Project from Studio Workspace because WORKSPACE_SLUG environment variable is empty
[debug] [2026-02-21T20:41:50.851Z] > command requires scopes: ["email","openid","https://www.googleapis.com/auth/cloudplatformprojects.readonly","https://www.googleapis.com/auth/firebase","https://www.googleapis.com/auth/cloud-platform","https://www.googleapis.com/auth/userinfo.email"]
[debug] [2026-02-21T20:41:50.851Z] > authorizing via signed-in user (englishmuallim@gmail.com)
[debug] [2026-02-21T20:41:50.855Z] >>> [apiv2][query] POST https://developerknowledge.googleapis.com/mcp [none]
[debug] [2026-02-21T20:41:50.856Z] >>> [apiv2][body] POST https://developerknowledge.googleapis.com/mcp {"method":"tools/list","jsonrpc":"2.0","id":1}
[error] Failed to fetch Firebase Project from Studio Workspace because WORKSPACE_SLUG environment variable is empty
[error] Failed to fetch Firebase Project from Studio Workspace because WORKSPACE_SLUG environment variable is empty
[error] Failed to fetch Firebase Project from Studio Workspace because WORKSPACE_SLUG environment variable is empty
[debug] [2026-02-21T20:41:50.920Z] > command requires scopes: ["email","openid","https://www.googleapis.com/auth/cloudplatformprojects.readonly","https://www.googleapis.com/auth/firebase","https://www.googleapis.com/auth/cloud-platform","https://www.googleapis.com/auth/userinfo.email"]
[debug] [2026-02-21T20:41:50.920Z] > authorizing via signed-in user (englishmuallim@gmail.com)
[debug] [2026-02-21T20:41:50.921Z] >>> [apiv2][query] POST https://developerknowledge.googleapis.com/mcp [none]
[debug] [2026-02-21T20:41:50.921Z] >>> [apiv2][body] POST https://developerknowledge.googleapis.com/mcp {"method":"tools/list","jsonrpc":"2.0","id":1}
[error] Failed to fetch Firebase Project from Studio Workspace because WORKSPACE_SLUG environment variable is empty
[error] Failed to fetch Firebase Project from Studio Workspace because WORKSPACE_SLUG environment variable is empty
[error] Failed to fetch Firebase Project from Studio Workspace because WORKSPACE_SLUG environment variable is empty
[debug] [2026-02-21T20:41:50.929Z] > command requires scopes: ["email","openid","https://www.googleapis.com/auth/cloudplatformprojects.readonly","https://www.googleapis.com/auth/firebase","https://www.googleapis.com/auth/cloud-platform","https://www.googleapis.com/auth/userinfo.email"]
[debug] [2026-02-21T20:41:50.929Z] > authorizing via signed-in user (englishmuallim@gmail.com)
[error] Failed to fetch Firebase Project from Studio Workspace because WORKSPACE_SLUG environment variable is empty
[debug] [2026-02-21T20:41:50.931Z] > command requires scopes: ["email","openid","https://www.googleapis.com/auth/cloudplatformprojects.readonly","https://www.googleapis.com/auth/firebase","https://www.googleapis.com/auth/cloud-platform","https://www.googleapis.com/auth/userinfo.email"]
[debug] [2026-02-21T20:41:50.931Z] > authorizing via signed-in user (englishmuallim@gmail.com)
[debug] [2026-02-21T20:41:50.959Z] <<< [apiv2][status] POST https://developerknowledge.googleapis.com/mcp 200
[debug] [2026-02-21T20:41:50.959Z] <<< [apiv2][body] POST https://developerknowledge.googleapis.com/mcp {"id":1,"jsonrpc":"2.0","result":{"tools":[{"annotations":{"destructiveHint":false,"idempotentHint":true,"openWorldHint":false,"readOnlyHint":true},"description":"Use this tool to find documentation about Google developer products.\nThe documents contain official APIs, code snippets, release notes, best\npractices, guides, debugging info, and more. It covers the following\nproducts and domains:\n\n* Android: developer.android.com\n* Apigee: docs.apigee.com\n* Chrome: developer.chrome.com\n* Firebase: firebase.google.com\n* Fuchsia: fuchsia.dev\n* Google AI: ai.google.dev\n* Google Cloud: docs.cloud.google.com\n* Google Developers, Ads, Search, Google Maps, Youtube: developers.google.com\n* Google Home: developers.home.google.com\n* TensorFlow: www.tensorflow.org\n* Web: web.dev\n\nThis tool returns chunks of text, names, and URLs for matching documents.\nIf the returned chunks are not detailed enough to answer the\nuser's question, use `get_document` or `batch_get_documents` with the\n`parent` from this tool's output to retrieve the full document\ncontent.","inputSchema":{"description":"Request schema for search_documents. Use the query field to search for related Google developer documentation.","properties":{"query":{"description":"Required. The raw query string provided by the user, such as \"How to create a Cloud Storage bucket?\".","type":"string"}},"required":["query"],"type":"object"},"name":"search_documents","outputSchema":{"$defs":{"DocumentChunk":{"description":"A DocumentChunk represents a piece of content from a Document in the DeveloperKnowledge corpus. To fetch the entire document content, pass the `parent` to get_document or batch_get_documents.","properties":{"content":{"description":"Output only. The content of the document chunk.","readOnly":true,"type":"string"},"id":{"description":"Output only. The ID of this chunk within the document. The chunk ID is unique within a document, but not globally unique across documents. The chunk ID is not stable and may change over time.","readOnly":true,"type":"string"},"parent":{"description":"Output only. The resource name of the document this chunk is from. Format: `documents/{uri_without_scheme}` Example: `documents/docs.cloud.google.com/storage/docs/creating-buckets`","readOnly":true,"type":"string"}},"type":"object"}},"description":"Response schema for search_documents.","properties":{"results":{"description":"The search results for the given query. Each Document in this list contains a snippet of content relevant to the search query. Use the Document.name field of each result with get_document or batch_get_documents to retrieve the full document content.","items":{"$ref":"#/$defs/DocumentChunk"},"type":"array"}},"type":"object"}},{"annotations":{"destructiveHint":false,"idempotentHint":true,"openWorldHint":false,"readOnlyHint":true},"description":"Use this tool to retrieve the full content of a single document. The\ndocument name should be obtained from the `parent` field of results from a\ncall to the `search_documents` tool. If you need to retrieve multiple\ndocuments, use `batch_get_documents` instead.","inputSchema":{"description":"Request schema for get_document.","properties":{"name":{"description":"Required. The name of the document to retrieve. Format: `documents/{uri_without_scheme}` Example: `documents/docs.cloud.google.com/storage/docs/creating-buckets`","type":"string"}},"required":["name"],"type":"object"},"name":"get_document","outputSchema":{"description":"A Document represents a piece of content from the Developer Knowledge corpus.","properties":{"content":{"description":"Output only. The content of the document in Markdown format. If this document is returned by search_documents, this field contains a snippet of text relevant to the search query. If this document is returned by get_document or batch_get_documents, this field contains the full document content.","readOnly":true,"type":"string"},"description":{"description":"Output only. A description of the document.","readOnly":true,"type":"string"},"name":{"description":"Identifier. The resource name of the document. Format: `documents/{uri_without_scheme}` Example: `documents/docs.cloud.google.com/storage/docs/creating-buckets`","type":"string","x-google-identifier":true},"uri":{"description":"Output only. The URI of the content, such as `https://cloud.google.com/storage/docs/creating-buckets`.","readOnly":true,"type":"string"}},"type":"object"}},{"annotations":{"destructiveHint":false,"idempotentHint":true,"openWorldHint":false,"readOnlyHint":true},"description":"Use this tool to retrieve the full content of up to 20 documents in a\nsingle call. The document names should be obtained from the `parent` field\nof results from a call to the `search_documents` tool. Use this tool\ninstead of calling `get_document` multiple times to fetch multiple\ndocuments.","inputSchema":{"description":"Request schema for batch_get_documents.","properties":{"names":{"description":"Required. The names of the documents to retrieve, as returned by search_documents. A maximum of 20 documents can be retrieved in a batch. The documents are returned in the same order as the `names` in the request. Format: `documents/{uri_without_scheme}` Example: `documents/docs.cloud.google.com/storage/docs/creating-buckets`","items":{"type":"string"},"type":"array"}},"required":["names"],"type":"object"},"name":"batch_get_documents","outputSchema":{"$defs":{"Document":{"description":"A Document represents a piece of content from the Developer Knowledge corpus.","properties":{"content":{"description":"Output only. The content of the document in Markdown format. If this document is returned by search_documents, this field contains a snippet of text relevant to the search query. If this document is returned by get_document or batch_get_documents, this field contains the full document content.","readOnly":true,"type":"string"},"description":{"description":"Output only. A description of the document.","readOnly":true,"type":"string"},"name":{"description":"Identifier. The resource name of the document. Format: `documents/{uri_without_scheme}` Example: `documents/docs.cloud.google.com/storage/docs/creating-buckets`","type":"string","x-google-identifier":true},"uri":{"description":"Output only. The URI of the content, such as `https://cloud.google.com/storage/docs/creating-buckets`.","readOnly":true,"type":"string"}},"type":"object"}},"description":"Response schema for batch_get_documents.","properties":{"documents":{"description":"Documents requested.","items":{"$ref":"#/$defs/Document"},"type":"array"}},"type":"object"}}]}}
[error] Failed to fetch Firebase Project from Studio Workspace because WORKSPACE_SLUG environment variable is empty
[debug] [2026-02-21T20:41:50.967Z] > command requires scopes: ["email","openid","https://www.googleapis.com/auth/cloudplatformprojects.readonly","https://www.googleapis.com/auth/firebase","https://www.googleapis.com/auth/cloud-platform","https://www.googleapis.com/auth/userinfo.email"]
[debug] [2026-02-21T20:41:50.967Z] > authorizing via signed-in user (englishmuallim@gmail.com)
[debug] [2026-02-21T20:41:50.975Z] <<< [apiv2][status] POST https://developerknowledge.googleapis.com/mcp 200
[debug] [2026-02-21T20:41:50.976Z] <<< [apiv2][body] POST https://developerknowledge.googleapis.com/mcp {"id":1,"jsonrpc":"2.0","result":{"tools":[{"annotations":{"destructiveHint":false,"idempotentHint":true,"openWorldHint":false,"readOnlyHint":true},"description":"Use this tool to find documentation about Google developer products.\nThe documents contain official APIs, code snippets, release notes, best\npractices, guides, debugging info, and more. It covers the following\nproducts and domains:\n\n* Android: developer.android.com\n* Apigee: docs.apigee.com\n* Chrome: developer.chrome.com\n* Firebase: firebase.google.com\n* Fuchsia: fuchsia.dev\n* Google AI: ai.google.dev\n* Google Cloud: docs.cloud.google.com\n* Google Developers, Ads, Search, Google Maps, Youtube: developers.google.com\n* Google Home: developers.home.google.com\n* TensorFlow: www.tensorflow.org\n* Web: web.dev\n\nThis tool returns chunks of text, names, and URLs for matching documents.\nIf the returned chunks are not detailed enough to answer the\nuser's question, use `get_document` or `batch_get_documents` with the\n`parent` from this tool's output to retrieve the full document\ncontent.","inputSchema":{"description":"Request schema for search_documents. Use the query field to search for related Google developer documentation.","properties":{"query":{"description":"Required. The raw query string provided by the user, such as \"How to create a Cloud Storage bucket?\".","type":"string"}},"required":["query"],"type":"object"},"name":"search_documents","outputSchema":{"$defs":{"DocumentChunk":{"description":"A DocumentChunk represents a piece of content from a Document in the DeveloperKnowledge corpus. To fetch the entire document content, pass the `parent` to get_document or batch_get_documents.","properties":{"content":{"description":"Output only. The content of the document chunk.","readOnly":true,"type":"string"},"id":{"description":"Output only. The ID of this chunk within the document. The chunk ID is unique within a document, but not globally unique across documents. The chunk ID is not stable and may change over time.","readOnly":true,"type":"string"},"parent":{"description":"Output only. The resource name of the document this chunk is from. Format: `documents/{uri_without_scheme}` Example: `documents/docs.cloud.google.com/storage/docs/creating-buckets`","readOnly":true,"type":"string"}},"type":"object"}},"description":"Response schema for search_documents.","properties":{"results":{"description":"The search results for the given query. Each Document in this list contains a snippet of content relevant to the search query. Use the Document.name field of each result with get_document or batch_get_documents to retrieve the full document content.","items":{"$ref":"#/$defs/DocumentChunk"},"type":"array"}},"type":"object"}},{"annotations":{"destructiveHint":false,"idempotentHint":true,"openWorldHint":false,"readOnlyHint":true},"description":"Use this tool to retrieve the full content of a single document. The\ndocument name should be obtained from the `parent` field of results from a\ncall to the `search_documents` tool. If you need to retrieve multiple\ndocuments, use `batch_get_documents` instead.","inputSchema":{"description":"Request schema for get_document.","properties":{"name":{"description":"Required. The name of the document to retrieve. Format: `documents/{uri_without_scheme}` Example: `documents/docs.cloud.google.com/storage/docs/creating-buckets`","type":"string"}},"required":["name"],"type":"object"},"name":"get_document","outputSchema":{"description":"A Document represents a piece of content from the Developer Knowledge corpus.","properties":{"content":{"description":"Output only. The content of the document in Markdown format. If this document is returned by search_documents, this field contains a snippet of text relevant to the search query. If this document is returned by get_document or batch_get_documents, this field contains the full document content.","readOnly":true,"type":"string"},"description":{"description":"Output only. A description of the document.","readOnly":true,"type":"string"},"name":{"description":"Identifier. The resource name of the document. Format: `documents/{uri_without_scheme}` Example: `documents/docs.cloud.google.com/storage/docs/creating-buckets`","type":"string","x-google-identifier":true},"uri":{"description":"Output only. The URI of the content, such as `https://cloud.google.com/storage/docs/creating-buckets`.","readOnly":true,"type":"string"}},"type":"object"}},{"annotations":{"destructiveHint":false,"idempotentHint":true,"openWorldHint":false,"readOnlyHint":true},"description":"Use this tool to retrieve the full content of up to 20 documents in a\nsingle call. The document names should be obtained from the `parent` field\nof results from a call to the `search_documents` tool. Use this tool\ninstead of calling `get_document` multiple times to fetch multiple\ndocuments.","inputSchema":{"description":"Request schema for batch_get_documents.","properties":{"names":{"description":"Required. The names of the documents to retrieve, as returned by search_documents. A maximum of 20 documents can be retrieved in a batch. The documents are returned in the same order as the `names` in the request. Format: `documents/{uri_without_scheme}` Example: `documents/docs.cloud.google.com/storage/docs/creating-buckets`","items":{"type":"string"},"type":"array"}},"required":["names"],"type":"object"},"name":"batch_get_documents","outputSchema":{"$defs":{"Document":{"description":"A Document represents a piece of content from the Developer Knowledge corpus.","properties":{"content":{"description":"Output only. The content of the document in Markdown format. If this document is returned by search_documents, this field contains a snippet of text relevant to the search query. If this document is returned by get_document or batch_get_documents, this field contains the full document content.","readOnly":true,"type":"string"},"description":{"description":"Output only. A description of the document.","readOnly":true,"type":"string"},"name":{"description":"Identifier. The resource name of the document. Format: `documents/{uri_without_scheme}` Example: `documents/docs.cloud.google.com/storage/docs/creating-buckets`","type":"string","x-google-identifier":true},"uri":{"description":"Output only. The URI of the content, such as `https://cloud.google.com/storage/docs/creating-buckets`.","readOnly":true,"type":"string"}},"type":"object"}},"description":"Response schema for batch_get_documents.","properties":{"documents":{"description":"Documents requested.","items":{"$ref":"#/$defs/Document"},"type":"array"}},"type":"object"}}]}}
[error] Failed to fetch Firebase Project from Studio Workspace because WORKSPACE_SLUG environment variable is empty
[debug] [2026-02-21T20:41:50.983Z] > command requires scopes: ["email","openid","https://www.googleapis.com/auth/cloudplatformprojects.readonly","https://www.googleapis.com/auth/firebase","https://www.googleapis.com/auth/cloud-platform","https://www.googleapis.com/auth/userinfo.email"]
[debug] [2026-02-21T20:41:50.983Z] > authorizing via signed-in user (englishmuallim@gmail.com)
[error] Failed to fetch Firebase Project from Studio Workspace because WORKSPACE_SLUG environment variable is empty
[error] Failed to fetch Firebase Project from Studio Workspace because WORKSPACE_SLUG environment variable is empty
[error] Failed to fetch Firebase Project from Studio Workspace because WORKSPACE_SLUG environment variable is empty
[error] Failed to fetch Firebase Project from Studio Workspace because WORKSPACE_SLUG environment variable is empty
[debug] [2026-02-22T03:20:20.837Z] > command requires scopes: ["email","openid","https://www.googleapis.com/auth/cloudplatformprojects.readonly","https://www.googleapis.com/auth/firebase","https://www.googleapis.com/auth/cloud-platform","https://www.googleapis.com/auth/userinfo.email"]
[debug] [2026-02-22T03:20:20.840Z] > command requires scopes: ["email","openid","https://www.googleapis.com/auth/cloudplatformprojects.readonly","https://www.googleapis.com/auth/firebase","https://www.googleapis.com/auth/cloud-platform","https://www.googleapis.com/auth/userinfo.email"]
[error] Failed to fetch Firebase Project from Studio Workspace because WORKSPACE_SLUG environment variable is empty
[error] Failed to fetch Firebase Project from Studio Workspace because WORKSPACE_SLUG environment variable is empty
[error] Failed to fetch Firebase Project from Studio Workspace because WORKSPACE_SLUG environment variable is empty
[error] Failed to fetch Firebase Project from Studio Workspace because WORKSPACE_SLUG environment variable is empty
[debug] [2026-02-22T03:21:20.831Z] > command requires scopes: ["email","openid","https://www.googleapis.com/auth/cloudplatformprojects.readonly","https://www.googleapis.com/auth/firebase","https://www.googleapis.com/auth/cloud-platform","https://www.googleapis.com/auth/userinfo.email"]
[debug] [2026-02-22T03:21:20.838Z] > command requires scopes: ["email","openid","https://www.googleapis.com/auth/cloudplatformprojects.readonly","https://www.googleapis.com/auth/firebase","https://www.googleapis.com/auth/cloud-platform","https://www.googleapis.com/auth/userinfo.email"]
[debug] [2026-02-22T03:21:39.007Z] Running auto auth
[debug] [2026-02-22T03:21:39.009Z] Running auto auth
[debug] [2026-02-22T03:21:39.010Z] Running auto auth
[debug] [2026-02-22T03:21:39.016Z] Running auto auth
[error] Failed to fetch Firebase Project from Studio Workspace because WORKSPACE_SLUG environment variable is empty
[error] Failed to fetch Firebase Project from Studio Workspace because WORKSPACE_SLUG environment variable is empty
[error] Failed to fetch Firebase Project from Studio Workspace because WORKSPACE_SLUG environment variable is empty
[debug] [2026-02-22T03:21:39.484Z] > command requires scopes: ["email","openid","https://www.googleapis.com/auth/cloudplatformprojects.readonly","https://www.googleapis.com/auth/firebase","https://www.googleapis.com/auth/cloud-platform","https://www.googleapis.com/auth/userinfo.email"]
[debug] [2026-02-22T03:21:39.484Z] > authorizing via signed-in user (englishmuallim@gmail.com)
[debug] [2026-02-22T03:21:39.492Z] >>> [apiv2][query] POST https://developerknowledge.googleapis.com/mcp [none]
[debug] [2026-02-22T03:21:39.492Z] >>> [apiv2][body] POST https://developerknowledge.googleapis.com/mcp {"method":"tools/list","jsonrpc":"2.0","id":1}
[error] Failed to fetch Firebase Project from Studio Workspace because WORKSPACE_SLUG environment variable is empty
[error] Failed to fetch Firebase Project from Studio Workspace because WORKSPACE_SLUG environment variable is empty
[error] Failed to fetch Firebase Project from Studio Workspace because WORKSPACE_SLUG environment variable is empty
[debug] [2026-02-22T03:21:39.592Z] > command requires scopes: ["email","openid","https://www.googleapis.com/auth/cloudplatformprojects.readonly","https://www.googleapis.com/auth/firebase","https://www.googleapis.com/auth/cloud-platform","https://www.googleapis.com/auth/userinfo.email"]
[debug] [2026-02-22T03:21:39.592Z] > authorizing via signed-in user (englishmuallim@gmail.com)
[debug] [2026-02-22T03:21:39.593Z] >>> [apiv2][query] POST https://developerknowledge.googleapis.com/mcp [none]
[debug] [2026-02-22T03:21:39.593Z] >>> [apiv2][body] POST https://developerknowledge.googleapis.com/mcp {"method":"tools/list","jsonrpc":"2.0","id":1}
[error] Failed to fetch Firebase Project from Studio Workspace because WORKSPACE_SLUG environment variable is empty
[error] Failed to fetch Firebase Project from Studio Workspace because WORKSPACE_SLUG environment variable is empty
[error] Failed to fetch Firebase Project from Studio Workspace because WORKSPACE_SLUG environment variable is empty
[debug] [2026-02-22T03:21:39.608Z] > command requires scopes: ["email","openid","https://www.googleapis.com/auth/cloudplatformprojects.readonly","https://www.googleapis.com/auth/firebase","https://www.googleapis.com/auth/cloud-platform","https://www.googleapis.com/auth/userinfo.email"]
[debug] [2026-02-22T03:21:39.608Z] > authorizing via signed-in user (englishmuallim@gmail.com)
[error] Failed to fetch Firebase Project from Studio Workspace because WORKSPACE_SLUG environment variable is empty
[debug] [2026-02-22T03:21:39.610Z] > command requires scopes: ["email","openid","https://www.googleapis.com/auth/cloudplatformprojects.readonly","https://www.googleapis.com/auth/firebase","https://www.googleapis.com/auth/cloud-platform","https://www.googleapis.com/auth/userinfo.email"]
[debug] [2026-02-22T03:21:39.610Z] > authorizing via signed-in user (englishmuallim@gmail.com)
[debug] [2026-02-22T03:21:39.648Z] <<< [apiv2][status] POST https://developerknowledge.googleapis.com/mcp 200
[debug] [2026-02-22T03:21:39.648Z] <<< [apiv2][body] POST https://developerknowledge.googleapis.com/mcp {"id":1,"jsonrpc":"2.0","result":{"tools":[{"annotations":{"destructiveHint":false,"idempotentHint":true,"openWorldHint":false,"readOnlyHint":true},"description":"Use this tool to find documentation about Google developer products.\nThe documents contain official APIs, code snippets, release notes, best\npractices, guides, debugging info, and more. It covers the following\nproducts and domains:\n\n* Android: developer.android.com\n* Apigee: docs.apigee.com\n* Chrome: developer.chrome.com\n* Firebase: firebase.google.com\n* Fuchsia: fuchsia.dev\n* Google AI: ai.google.dev\n* Google Cloud: docs.cloud.google.com\n* Google Developers, Ads, Search, Google Maps, Youtube: developers.google.com\n* Google Home: developers.home.google.com\n* TensorFlow: www.tensorflow.org\n* Web: web.dev\n\nThis tool returns chunks of text, names, and URLs for matching documents.\nIf the returned chunks are not detailed enough to answer the\nuser's question, use `get_document` or `batch_get_documents` with the\n`parent` from this tool's output to retrieve the full document\ncontent.","inputSchema":{"description":"Request schema for search_documents. Use the query field to search for related Google developer documentation.","properties":{"query":{"description":"Required. The raw query string provided by the user, such as \"How to create a Cloud Storage bucket?\".","type":"string"}},"required":["query"],"type":"object"},"name":"search_documents","outputSchema":{"$defs":{"DocumentChunk":{"description":"A DocumentChunk represents a piece of content from a Document in the DeveloperKnowledge corpus. To fetch the entire document content, pass the `parent` to get_document or batch_get_documents.","properties":{"content":{"description":"Output only. The content of the document chunk.","readOnly":true,"type":"string"},"id":{"description":"Output only. The ID of this chunk within the document. The chunk ID is unique within a document, but not globally unique across documents. The chunk ID is not stable and may change over time.","readOnly":true,"type":"string"},"parent":{"description":"Output only. The resource name of the document this chunk is from. Format: `documents/{uri_without_scheme}` Example: `documents/docs.cloud.google.com/storage/docs/creating-buckets`","readOnly":true,"type":"string"}},"type":"object"}},"description":"Response schema for search_documents.","properties":{"results":{"description":"The search results for the given query. Each Document in this list contains a snippet of content relevant to the search query. Use the Document.name field of each result with get_document or batch_get_documents to retrieve the full document content.","items":{"$ref":"#/$defs/DocumentChunk"},"type":"array"}},"type":"object"}},{"annotations":{"destructiveHint":false,"idempotentHint":true,"openWorldHint":false,"readOnlyHint":true},"description":"Use this tool to retrieve the full content of a single document. The\ndocument name should be obtained from the `parent` field of results from a\ncall to the `search_documents` tool. If you need to retrieve multiple\ndocuments, use `batch_get_documents` instead.","inputSchema":{"description":"Request schema for get_document.","properties":{"name":{"description":"Required. The name of the document to retrieve. Format: `documents/{uri_without_scheme}` Example: `documents/docs.cloud.google.com/storage/docs/creating-buckets`","type":"string"}},"required":["name"],"type":"object"},"name":"get_document","outputSchema":{"description":"A Document represents a piece of content from the Developer Knowledge corpus.","properties":{"content":{"description":"Output only. The content of the document in Markdown format. If this document is returned by search_documents, this field contains a snippet of text relevant to the search query. If this document is returned by get_document or batch_get_documents, this field contains the full document content.","readOnly":true,"type":"string"},"description":{"description":"Output only. A description of the document.","readOnly":true,"type":"string"},"name":{"description":"Identifier. The resource name of the document. Format: `documents/{uri_without_scheme}` Example: `documents/docs.cloud.google.com/storage/docs/creating-buckets`","type":"string","x-google-identifier":true},"uri":{"description":"Output only. The URI of the content, such as `https://cloud.google.com/storage/docs/creating-buckets`.","readOnly":true,"type":"string"}},"type":"object"}},{"annotations":{"destructiveHint":false,"idempotentHint":true,"openWorldHint":false,"readOnlyHint":true},"description":"Use this tool to retrieve the full content of up to 20 documents in a\nsingle call. The document names should be obtained from the `parent` field\nof results from a call to the `search_documents` tool. Use this tool\ninstead of calling `get_document` multiple times to fetch multiple\ndocuments.","inputSchema":{"description":"Request schema for batch_get_documents.","properties":{"names":{"description":"Required. The names of the documents to retrieve, as returned by search_documents. A maximum of 20 documents can be retrieved in a batch. The documents are returned in the same order as the `names` in the request. Format: `documents/{uri_without_scheme}` Example: `documents/docs.cloud.google.com/storage/docs/creating-buckets`","items":{"type":"string"},"type":"array"}},"required":["names"],"type":"object"},"name":"batch_get_documents","outputSchema":{"$defs":{"Document":{"description":"A Document represents a piece of content from the Developer Knowledge corpus.","properties":{"content":{"description":"Output only. The content of the document in Markdown format. If this document is returned by search_documents, this field contains a snippet of text relevant to the search query. If this document is returned by get_document or batch_get_documents, this field contains the full document content.","readOnly":true,"type":"string"},"description":{"description":"Output only. A description of the document.","readOnly":true,"type":"string"},"name":{"description":"Identifier. The resource name of the document. Format: `documents/{uri_without_scheme}` Example: `documents/docs.cloud.google.com/storage/docs/creating-buckets`","type":"string","x-google-identifier":true},"uri":{"description":"Output only. The URI of the content, such as `https://cloud.google.com/storage/docs/creating-buckets`.","readOnly":true,"type":"string"}},"type":"object"}},"description":"Response schema for batch_get_documents.","properties":{"documents":{"description":"Documents requested.","items":{"$ref":"#/$defs/Document"},"type":"array"}},"type":"object"}}]}}
[error] Failed to fetch Firebase Project from Studio Workspace because WORKSPACE_SLUG environment variable is empty
[debug] [2026-02-22T03:21:39.669Z] > command requires scopes: ["email","openid","https://www.googleapis.com/auth/cloudplatformprojects.readonly","https://www.googleapis.com/auth/firebase","https://www.googleapis.com/auth/cloud-platform","https://www.googleapis.com/auth/userinfo.email"]
[debug] [2026-02-22T03:21:39.670Z] > authorizing via signed-in user (englishmuallim@gmail.com)
[debug] [2026-02-22T03:21:39.677Z] <<< [apiv2][status] POST https://developerknowledge.googleapis.com/mcp 200
[debug] [2026-02-22T03:21:39.678Z] <<< [apiv2][body] POST https://developerknowledge.googleapis.com/mcp {"id":1,"jsonrpc":"2.0","result":{"tools":[{"annotations":{"destructiveHint":false,"idempotentHint":true,"openWorldHint":false,"readOnlyHint":true},"description":"Use this tool to find documentation about Google developer products.\nThe documents contain official APIs, code snippets, release notes, best\npractices, guides, debugging info, and more. It covers the following\nproducts and domains:\n\n* Android: developer.android.com\n* Apigee: docs.apigee.com\n* Chrome: developer.chrome.com\n* Firebase: firebase.google.com\n* Fuchsia: fuchsia.dev\n* Google AI: ai.google.dev\n* Google Cloud: docs.cloud.google.com\n* Google Developers, Ads, Search, Google Maps, Youtube: developers.google.com\n* Google Home: developers.home.google.com\n* TensorFlow: www.tensorflow.org\n* Web: web.dev\n\nThis tool returns chunks of text, names, and URLs for matching documents.\nIf the returned chunks are not detailed enough to answer the\nuser's question, use `get_document` or `batch_get_documents` with the\n`parent` from this tool's output to retrieve the full document\ncontent.","inputSchema":{"description":"Request schema for search_documents. Use the query field to search for related Google developer documentation.","properties":{"query":{"description":"Required. The raw query string provided by the user, such as \"How to create a Cloud Storage bucket?\".","type":"string"}},"required":["query"],"type":"object"},"name":"search_documents","outputSchema":{"$defs":{"DocumentChunk":{"description":"A DocumentChunk represents a piece of content from a Document in the DeveloperKnowledge corpus. To fetch the entire document content, pass the `parent` to get_document or batch_get_documents.","properties":{"content":{"description":"Output only. The content of the document chunk.","readOnly":true,"type":"string"},"id":{"description":"Output only. The ID of this chunk within the document. The chunk ID is unique within a document, but not globally unique across documents. The chunk ID is not stable and may change over time.","readOnly":true,"type":"string"},"parent":{"description":"Output only. The resource name of the document this chunk is from. Format: `documents/{uri_without_scheme}` Example: `documents/docs.cloud.google.com/storage/docs/creating-buckets`","readOnly":true,"type":"string"}},"type":"object"}},"description":"Response schema for search_documents.","properties":{"results":{"description":"The search results for the given query. Each Document in this list contains a snippet of content relevant to the search query. Use the Document.name field of each result with get_document or batch_get_documents to retrieve the full document content.","items":{"$ref":"#/$defs/DocumentChunk"},"type":"array"}},"type":"object"}},{"annotations":{"destructiveHint":false,"idempotentHint":true,"openWorldHint":false,"readOnlyHint":true},"description":"Use this tool to retrieve the full content of a single document. The\ndocument name should be obtained from the `parent` field of results from a\ncall to the `search_documents` tool. If you need to retrieve multiple\ndocuments, use `batch_get_documents` instead.","inputSchema":{"description":"Request schema for get_document.","properties":{"name":{"description":"Required. The name of the document to retrieve. Format: `documents/{uri_without_scheme}` Example: `documents/docs.cloud.google.com/storage/docs/creating-buckets`","type":"string"}},"required":["name"],"type":"object"},"name":"get_document","outputSchema":{"description":"A Document represents a piece of content from the Developer Knowledge corpus.","properties":{"content":{"description":"Output only. The content of the document in Markdown format. If this document is returned by search_documents, this field contains a snippet of text relevant to the search query. If this document is returned by get_document or batch_get_documents, this field contains the full document content.","readOnly":true,"type":"string"},"description":{"description":"Output only. A description of the document.","readOnly":true,"type":"string"},"name":{"description":"Identifier. The resource name of the document. Format: `documents/{uri_without_scheme}` Example: `documents/docs.cloud.google.com/storage/docs/creating-buckets`","type":"string","x-google-identifier":true},"uri":{"description":"Output only. The URI of the content, such as `https://cloud.google.com/storage/docs/creating-buckets`.","readOnly":true,"type":"string"}},"type":"object"}},{"annotations":{"destructiveHint":false,"idempotentHint":true,"openWorldHint":false,"readOnlyHint":true},"description":"Use this tool to retrieve the full content of up to 20 documents in a\nsingle call. The document names should be obtained from the `parent` field\nof results from a call to the `search_documents` tool. Use this tool\ninstead of calling `get_document` multiple times to fetch multiple\ndocuments.","inputSchema":{"description":"Request schema for batch_get_documents.","properties":{"names":{"description":"Required. The names of the documents to retrieve, as returned by search_documents. A maximum of 20 documents can be retrieved in a batch. The documents are returned in the same order as the `names` in the request. Format: `documents/{uri_without_scheme}` Example: `documents/docs.cloud.google.com/storage/docs/creating-buckets`","items":{"type":"string"},"type":"array"}},"required":["names"],"type":"object"},"name":"batch_get_documents","outputSchema":{"$defs":{"Document":{"description":"A Document represents a piece of content from the Developer Knowledge corpus.","properties":{"content":{"description":"Output only. The content of the document in Markdown format. If this document is returned by search_documents, this field contains a snippet of text relevant to the search query. If this document is returned by get_document or batch_get_documents, this field contains the full document content.","readOnly":true,"type":"string"},"description":{"description":"Output only. A description of the document.","readOnly":true,"type":"string"},"name":{"description":"Identifier. The resource name of the document. Format: `documents/{uri_without_scheme}` Example: `documents/docs.cloud.google.com/storage/docs/creating-buckets`","type":"string","x-google-identifier":true},"uri":{"description":"Output only. The URI of the content, such as `https://cloud.google.com/storage/docs/creating-buckets`.","readOnly":true,"type":"string"}},"type":"object"}},"description":"Response schema for batch_get_documents.","properties":{"documents":{"description":"Documents requested.","items":{"$ref":"#/$defs/Document"},"type":"array"}},"type":"object"}}]}}
[error] Failed to fetch Firebase Project from Studio Workspace because WORKSPACE_SLUG environment variable is empty
[debug] [2026-02-22T03:21:39.684Z] > command requires scopes: ["email","openid","https://www.googleapis.com/auth/cloudplatformprojects.readonly","https://www.googleapis.com/auth/firebase","https://www.googleapis.com/auth/cloud-platform","https://www.googleapis.com/auth/userinfo.email"]
[debug] [2026-02-22T03:21:39.684Z] > authorizing via signed-in user (englishmuallim@gmail.com)
[error] Failed to fetch Firebase Project from Studio Workspace because WORKSPACE_SLUG environment variable is empty
[error] Failed to fetch Firebase Project from Studio Workspace because WORKSPACE_SLUG environment variable is empty
[error] Failed to fetch Firebase Project from Studio Workspace because WORKSPACE_SLUG environment variable is empty
[error] Failed to fetch Firebase Project from Studio Workspace because WORKSPACE_SLUG environment variable is empty
[debug] [2026-02-22T10:51:30.866Z] > command requires scopes: ["email","openid","https://www.googleapis.com/auth/cloudplatformprojects.readonly","https://www.googleapis.com/auth/firebase","https://www.googleapis.com/auth/cloud-platform","https://www.googleapis.com/auth/userinfo.email"]
[debug] [2026-02-22T10:51:30.874Z] > command requires scopes: ["email","openid","https://www.googleapis.com/auth/cloudplatformprojects.readonly","https://www.googleapis.com/auth/firebase","https://www.googleapis.com/auth/cloud-platform","https://www.googleapis.com/auth/userinfo.email"]
[debug] [2026-02-22T10:51:56.077Z] Running auto auth
[debug] [2026-02-22T10:51:56.078Z] Running auto auth
[error] Failed to fetch Firebase Project from Studio Workspace because WORKSPACE_SLUG environment variable is empty
[error] Failed to fetch Firebase Project from Studio Workspace because WORKSPACE_SLUG environment variable is empty
[error] Failed to fetch Firebase Project from Studio Workspace because WORKSPACE_SLUG environment variable is empty
[debug] [2026-02-22T10:51:56.243Z] > command requires scopes: ["email","openid","https://www.googleapis.com/auth/cloudplatformprojects.readonly","https://www.googleapis.com/auth/firebase","https://www.googleapis.com/auth/cloud-platform","https://www.googleapis.com/auth/userinfo.email"]
[debug] [2026-02-22T10:51:56.246Z] > authorizing via signed-in user (englishmuallim@gmail.com)
[debug] [2026-02-22T10:51:56.263Z] >>> [apiv2][query] POST https://developerknowledge.googleapis.com/mcp [none]
[debug] [2026-02-22T10:51:56.263Z] >>> [apiv2][body] POST https://developerknowledge.googleapis.com/mcp {"method":"tools/list","jsonrpc":"2.0","id":1}
[debug] [2026-02-22T10:51:56.349Z] <<< [apiv2][status] POST https://developerknowledge.googleapis.com/mcp 200
[debug] [2026-02-22T10:51:56.353Z] <<< [apiv2][body] POST https://developerknowledge.googleapis.com/mcp {"id":1,"jsonrpc":"2.0","result":{"tools":[{"annotations":{"destructiveHint":false,"idempotentHint":true,"openWorldHint":false,"readOnlyHint":true},"description":"Use this tool to find documentation about Google developer products.\nThe documents contain official APIs, code snippets, release notes, best\npractices, guides, debugging info, and more. It covers the following\nproducts and domains:\n\n* Android: developer.android.com\n* Apigee: docs.apigee.com\n* Chrome: developer.chrome.com\n* Firebase: firebase.google.com\n* Fuchsia: fuchsia.dev\n* Google AI: ai.google.dev\n* Google Cloud: docs.cloud.google.com\n* Google Developers, Ads, Search, Google Maps, Youtube: developers.google.com\n* Google Home: developers.home.google.com\n* TensorFlow: www.tensorflow.org\n* Web: web.dev\n\nThis tool returns chunks of text, names, and URLs for matching documents.\nIf the returned chunks are not detailed enough to answer the\nuser's question, use `get_document` or `batch_get_documents` with the\n`parent` from this tool's output to retrieve the full document\ncontent.","inputSchema":{"description":"Request schema for search_documents. Use the query field to search for related Google developer documentation.","properties":{"query":{"description":"Required. The raw query string provided by the user, such as \"How to create a Cloud Storage bucket?\".","type":"string"}},"required":["query"],"type":"object"},"name":"search_documents","outputSchema":{"$defs":{"DocumentChunk":{"description":"A DocumentChunk represents a piece of content from a Document in the DeveloperKnowledge corpus. To fetch the entire document content, pass the `parent` to get_document or batch_get_documents.","properties":{"content":{"description":"Output only. The content of the document chunk.","readOnly":true,"type":"string"},"id":{"description":"Output only. The ID of this chunk within the document. The chunk ID is unique within a document, but not globally unique across documents. The chunk ID is not stable and may change over time.","readOnly":true,"type":"string"},"parent":{"description":"Output only. The resource name of the document this chunk is from. Format: `documents/{uri_without_scheme}` Example: `documents/docs.cloud.google.com/storage/docs/creating-buckets`","readOnly":true,"type":"string"}},"type":"object"}},"description":"Response schema for search_documents.","properties":{"results":{"description":"The search results for the given query. Each Document in this list contains a snippet of content relevant to the search query. Use the Document.name field of each result with get_document or batch_get_documents to retrieve the full document content.","items":{"$ref":"#/$defs/DocumentChunk"},"type":"array"}},"type":"object"}},{"annotations":{"destructiveHint":false,"idempotentHint":true,"openWorldHint":false,"readOnlyHint":true},"description":"Use this tool to retrieve the full content of a single document. The\ndocument name should be obtained from the `parent` field of results from a\ncall to the `search_documents` tool. If you need to retrieve multiple\ndocuments, use `batch_get_documents` instead.","inputSchema":{"description":"Request schema for get_document.","properties":{"name":{"description":"Required. The name of the document to retrieve. Format: `documents/{uri_without_scheme}` Example: `documents/docs.cloud.google.com/storage/docs/creating-buckets`","type":"string"}},"required":["name"],"type":"object"},"name":"get_document","outputSchema":{"description":"A Document represents a piece of content from the Developer Knowledge corpus.","properties":{"content":{"description":"Output only. The content of the document in Markdown format. If this document is returned by search_documents, this field contains a snippet of text relevant to the search query. If this document is returned by get_document or batch_get_documents, this field contains the full document content.","readOnly":true,"type":"string"},"description":{"description":"Output only. A description of the document.","readOnly":true,"type":"string"},"name":{"description":"Identifier. The resource name of the document. Format: `documents/{uri_without_scheme}` Example: `documents/docs.cloud.google.com/storage/docs/creating-buckets`","type":"string","x-google-identifier":true},"uri":{"description":"Output only. The URI of the content, such as `https://cloud.google.com/storage/docs/creating-buckets`.","readOnly":true,"type":"string"}},"type":"object"}},{"annotations":{"destructiveHint":false,"idempotentHint":true,"openWorldHint":false,"readOnlyHint":true},"description":"Use this tool to retrieve the full content of up to 20 documents in a\nsingle call. The document names should be obtained from the `parent` field\nof results from a call to the `search_documents` tool. Use this tool\ninstead of calling `get_document` multiple times to fetch multiple\ndocuments.","inputSchema":{"description":"Request schema for batch_get_documents.","properties":{"names":{"description":"Required. The names of the documents to retrieve, as returned by search_documents. A maximum of 20 documents can be retrieved in a batch. The documents are returned in the same order as the `names` in the request. Format: `documents/{uri_without_scheme}` Example: `documents/docs.cloud.google.com/storage/docs/creating-buckets`","items":{"type":"string"},"type":"array"}},"required":["names"],"type":"object"},"name":"batch_get_documents","outputSchema":{"$defs":{"Document":{"description":"A Document represents a piece of content from the Developer Knowledge corpus.","properties":{"content":{"description":"Output only. The content of the document in Markdown format. If this document is returned by search_documents, this field contains a snippet of text relevant to the search query. If this document is returned by get_document or batch_get_documents, this field contains the full document content.","readOnly":true,"type":"string"},"description":{"description":"Output only. A description of the document.","readOnly":true,"type":"string"},"name":{"description":"Identifier. The resource name of the document. Format: `documents/{uri_without_scheme}` Example: `documents/docs.cloud.google.com/storage/docs/creating-buckets`","type":"string","x-google-identifier":true},"uri":{"description":"Output only. The URI of the content, such as `https://cloud.google.com/storage/docs/creating-buckets`.","readOnly":true,"type":"string"}},"type":"object"}},"description":"Response schema for batch_get_documents.","properties":{"documents":{"description":"Documents requested.","items":{"$ref":"#/$defs/Document"},"type":"array"}},"type":"object"}}]}}
[error] Failed to fetch Firebase Project from Studio Workspace because WORKSPACE_SLUG environment variable is empty
[debug] [2026-02-22T10:51:56.370Z] > command requires scopes: ["email","openid","https://www.googleapis.com/auth/cloudplatformprojects.readonly","https://www.googleapis.com/auth/firebase","https://www.googleapis.com/auth/cloud-platform","https://www.googleapis.com/auth/userinfo.email"]
[debug] [2026-02-22T10:51:56.371Z] > authorizing via signed-in user (englishmuallim@gmail.com)
[error] Failed to fetch Firebase Project from Studio Workspace because WORKSPACE_SLUG environment variable is empty
[error] Failed to fetch Firebase Project from Studio Workspace because WORKSPACE_SLUG environment variable is empty
[error] Failed to fetch Firebase Project from Studio Workspace because WORKSPACE_SLUG environment variable is empty
[debug] [2026-02-22T10:51:56.438Z] > command requires scopes: ["email","openid","https://www.googleapis.com/auth/cloudplatformprojects.readonly","https://www.googleapis.com/auth/firebase","https://www.googleapis.com/auth/cloud-platform","https://www.googleapis.com/auth/userinfo.email"]
[debug] [2026-02-22T10:51:56.441Z] > authorizing via signed-in user (englishmuallim@gmail.com)
[debug] [2026-02-22T10:51:56.442Z] >>> [apiv2][query] POST https://developerknowledge.googleapis.com/mcp [none]
[debug] [2026-02-22T10:51:56.442Z] >>> [apiv2][body] POST https://developerknowledge.googleapis.com/mcp {"method":"tools/list","jsonrpc":"2.0","id":1}
[error] Failed to fetch Firebase Project from Studio Workspace because WORKSPACE_SLUG environment variable is empty
[error] Failed to fetch Firebase Project from Studio Workspace because WORKSPACE_SLUG environment variable is empty
[error] Failed to fetch Firebase Project from Studio Workspace because WORKSPACE_SLUG environment variable is empty
[debug] [2026-02-22T10:51:56.448Z] > command requires scopes: ["email","openid","https://www.googleapis.com/auth/cloudplatformprojects.readonly","https://www.googleapis.com/auth/firebase","https://www.googleapis.com/auth/cloud-platform","https://www.googleapis.com/auth/userinfo.email"]
[debug] [2026-02-22T10:51:56.449Z] > authorizing via signed-in user (englishmuallim@gmail.com)
[error] Failed to fetch Firebase Project from Studio Workspace because WORKSPACE_SLUG environment variable is empty
[debug] [2026-02-22T10:51:56.450Z] > command requires scopes: ["email","openid","https://www.googleapis.com/auth/cloudplatformprojects.readonly","https://www.googleapis.com/auth/firebase","https://www.googleapis.com/auth/cloud-platform","https://www.googleapis.com/auth/userinfo.email"]
[debug] [2026-02-22T10:51:56.450Z] > authorizing via signed-in user (englishmuallim@gmail.com)
[debug] [2026-02-22T10:51:56.462Z] <<< [apiv2][status] POST https://developerknowledge.googleapis.com/mcp 200
[debug] [2026-02-22T10:51:56.462Z] <<< [apiv2][body] POST https://developerknowledge.googleapis.com/mcp {"id":1,"jsonrpc":"2.0","result":{"tools":[{"annotations":{"destructiveHint":false,"idempotentHint":true,"openWorldHint":false,"readOnlyHint":true},"description":"Use this tool to find documentation about Google developer products.\nThe documents contain official APIs, code snippets, release notes, best\npractices, guides, debugging info, and more. It covers the following\nproducts and domains:\n\n* Android: developer.android.com\n* Apigee: docs.apigee.com\n* Chrome: developer.chrome.com\n* Firebase: firebase.google.com\n* Fuchsia: fuchsia.dev\n* Google AI: ai.google.dev\n* Google Cloud: docs.cloud.google.com\n* Google Developers, Ads, Search, Google Maps, Youtube: developers.google.com\n* Google Home: developers.home.google.com\n* TensorFlow: www.tensorflow.org\n* Web: web.dev\n\nThis tool returns chunks of text, names, and URLs for matching documents.\nIf the returned chunks are not detailed enough to answer the\nuser's question, use `get_document` or `batch_get_documents` with the\n`parent` from this tool's output to retrieve the full document\ncontent.","inputSchema":{"description":"Request schema for search_documents. Use the query field to search for related Google developer documentation.","properties":{"query":{"description":"Required. The raw query string provided by the user, such as \"How to create a Cloud Storage bucket?\".","type":"string"}},"required":["query"],"type":"object"},"name":"search_documents","outputSchema":{"$defs":{"DocumentChunk":{"description":"A DocumentChunk represents a piece of content from a Document in the DeveloperKnowledge corpus. To fetch the entire document content, pass the `parent` to get_document or batch_get_documents.","properties":{"content":{"description":"Output only. The content of the document chunk.","readOnly":true,"type":"string"},"id":{"description":"Output only. The ID of this chunk within the document. The chunk ID is unique within a document, but not globally unique across documents. The chunk ID is not stable and may change over time.","readOnly":true,"type":"string"},"parent":{"description":"Output only. The resource name of the document this chunk is from. Format: `documents/{uri_without_scheme}` Example: `documents/docs.cloud.google.com/storage/docs/creating-buckets`","readOnly":true,"type":"string"}},"type":"object"}},"description":"Response schema for search_documents.","properties":{"results":{"description":"The search results for the given query. Each Document in this list contains a snippet of content relevant to the search query. Use the Document.name field of each result with get_document or batch_get_documents to retrieve the full document content.","items":{"$ref":"#/$defs/DocumentChunk"},"type":"array"}},"type":"object"}},{"annotations":{"destructiveHint":false,"idempotentHint":true,"openWorldHint":false,"readOnlyHint":true},"description":"Use this tool to retrieve the full content of a single document. The\ndocument name should be obtained from the `parent` field of results from a\ncall to the `search_documents` tool. If you need to retrieve multiple\ndocuments, use `batch_get_documents` instead.","inputSchema":{"description":"Request schema for get_document.","properties":{"name":{"description":"Required. The name of the document to retrieve. Format: `documents/{uri_without_scheme}` Example: `documents/docs.cloud.google.com/storage/docs/creating-buckets`","type":"string"}},"required":["name"],"type":"object"},"name":"get_document","outputSchema":{"description":"A Document represents a piece of content from the Developer Knowledge corpus.","properties":{"content":{"description":"Output only. The content of the document in Markdown format. If this document is returned by search_documents, this field contains a snippet of text relevant to the search query. If this document is returned by get_document or batch_get_documents, this field contains the full document content.","readOnly":true,"type":"string"},"description":{"description":"Output only. A description of the document.","readOnly":true,"type":"string"},"name":{"description":"Identifier. The resource name of the document. Format: `documents/{uri_without_scheme}` Example: `documents/docs.cloud.google.com/storage/docs/creating-buckets`","type":"string","x-google-identifier":true},"uri":{"description":"Output only. The URI of the content, such as `https://cloud.google.com/storage/docs/creating-buckets`.","readOnly":true,"type":"string"}},"type":"object"}},{"annotations":{"destructiveHint":false,"idempotentHint":true,"openWorldHint":false,"readOnlyHint":true},"description":"Use this tool to retrieve the full content of up to 20 documents in a\nsingle call. The document names should be obtained from the `parent` field\nof results from a call to the `search_documents` tool. Use this tool\ninstead of calling `get_document` multiple times to fetch multiple\ndocuments.","inputSchema":{"description":"Request schema for batch_get_documents.","properties":{"names":{"description":"Required. The names of the documents to retrieve, as returned by search_documents. A maximum of 20 documents can be retrieved in a batch. The documents are returned in the same order as the `names` in the request. Format: `documents/{uri_without_scheme}` Example: `documents/docs.cloud.google.com/storage/docs/creating-buckets`","items":{"type":"string"},"type":"array"}},"required":["names"],"type":"object"},"name":"batch_get_documents","outputSchema":{"$defs":{"Document":{"description":"A Document represents a piece of content from the Developer Knowledge corpus.","properties":{"content":{"description":"Output only. The content of the document in Markdown format. If this document is returned by search_documents, this field contains a snippet of text relevant to the search query. If this document is returned by get_document or batch_get_documents, this field contains the full document content.","readOnly":true,"type":"string"},"description":{"description":"Output only. A description of the document.","readOnly":true,"type":"string"},"name":{"description":"Identifier. The resource name of the document. Format: `documents/{uri_without_scheme}` Example: `documents/docs.cloud.google.com/storage/docs/creating-buckets`","type":"string","x-google-identifier":true},"uri":{"description":"Output only. The URI of the content, such as `https://cloud.google.com/storage/docs/creating-buckets`.","readOnly":true,"type":"string"}},"type":"object"}},"description":"Response schema for batch_get_documents.","properties":{"documents":{"description":"Documents requested.","items":{"$ref":"#/$defs/Document"},"type":"array"}},"type":"object"}}]}}
[error] Failed to fetch Firebase Project from Studio Workspace because WORKSPACE_SLUG environment variable is empty
[debug] [2026-02-22T10:51:56.467Z] > command requires scopes: ["email","openid","https://www.googleapis.com/auth/cloudplatformprojects.readonly","https://www.googleapis.com/auth/firebase","https://www.googleapis.com/auth/cloud-platform","https://www.googleapis.com/auth/userinfo.email"]
[debug] [2026-02-22T10:51:56.468Z] > authorizing via signed-in user (englishmuallim@gmail.com)
